company_id,name,country,razon,contactos_borrar
9518654365,Identitypass,Nigeria,pais_excluido,36001
15517726610,,,sin_nombre,158901|158951|159001|159051
20784206759,ERG Africa,South Africa,pais_excluido,20866725281
20847118519,CINTEC,Venezuela,pais_excluido,21959116558|21974517400|21976774711|21978586793|81081405558|100667354284|112423056909
20910359115,Autónomo,Venezuela,pais_excluido,22939161111|22967912499|82288157489|128558349201
20911797076,,,sin_nombre,22967915030
20973020948,Poliolefinas Internacionales (POLINTER),Venezuela,pais_excluido,
21044820129,JF Hillebrand SA,South Africa,pais_excluido,24718868150
21044966046,Avon,Nigeria,pais_excluido,
21706075265,,,sin_nombre,35441459637
22073039143,SIDOR,Venezuela,pais_excluido,42535255728
22108398439,Barloworld Equipment,South Africa,pais_excluido,
22108408715,Banco de Venezuela,Venezuela,pais_excluido,46848567686
22616307848,Banco Activo Banco Universal,Venezuela,pais_excluido,51936249202
22727803304,AXYS,Mauritius,pais_excluido,54158104135
22851757832,STP,Egypt,pais_excluido,
23718298382,,,sin_nombre,66074928057
23959215013,,Mexico,sin_nombre,
25517308330,Empresas Polar,Venezuela,pais_excluido,75275372708|111843216784|111850254154|111858700442
25607285679,,,sin_nombre,75938701828
25700246360,,Mexico,sin_nombre,
25845651126,,,sin_nombre,77560655362
26262461280,"Grupo Ro Servicios, C.A",Venezuela,pais_excluido,
26306854217,,Mexico,sin_nombre,
26488917662,Universidad del Zulia,Venezuela,pais_excluido,81522989651|112400692393
26491195293,Digital Frontiers,South Africa,pais_excluido,
26624943132,,,sin_nombre,82331559252
27707614795,,,sin_nombre,
27757785724,Banco Occidental de Descuento,Venezuela,pais_excluido,
27757790228,Risk,Egypt,pais_excluido,
28802211589,,,sin_nombre,92931457163
28852912811,AECI,South Africa,pais_excluido,
28864000537,AECI Mining,South Africa,pais_excluido,
29001842952,PDVSA Petróleos de Venezuela S.A.,Venezuela,pais_excluido,
29314315104,andBeyond Travel,South Africa,pais_excluido,95519499957|126599115561
29478319535,,,sin_nombre,
30093999395,Corona,Egypt,pais_excluido,
30125685047,,France,sin_nombre,
30303249021,Bancrecer,Venezuela,pais_excluido,
30398691135,N58,Venezuela,pais_excluido,102271653125
30770676555,,,sin_nombre,104462132052
31006848782,,,sin_nombre,105604494488
31146118211,,,sin_nombre,139989951127
31266061451,,,sin_nombre,134289440086
31398918317,,,sin_nombre,109061810606
31419639182,,,sin_nombre,109126844460
31529653084,Instituto Universitario de Tecnologia Valencia,Venezuela,pais_excluido,
31529678996,"Zurich Insurance, S.A.",Venezuela,pais_excluido,
31583285527,,,sin_nombre,
31652089785,,,sin_nombre,110690037649
31754379904,Skill Enhancement Centre (SENCE),Nigeria,pais_excluido,111512416278
31763832460,Absa Bank Zambia PLC,Zambia,pais_excluido,
31763832629,Ed Partners Africa,Kenya,pais_excluido,111856838013
31763832991,Gijima,South Africa,pais_excluido,111850697136|112046854680
31764138038,The ANB Group,South Africa,pais_excluido,111858115714
31764138043,SoficoPharm,Egypt,pais_excluido,111851533873
31764138045,OCP Group,Morocco,pais_excluido,
31764138099,Haggai Mortgage Bank Ltd,Nigeria,pais_excluido,111851636307
31764292632,Attijariwafa bank Egypt,Egypt,pais_excluido,111850696481|111851336734|111858087689
31764292646,Centenary Bank,Uganda,pais_excluido,111857464602
31764292735,Blantyre Water Board,Malawi,pais_excluido,111857425712
31765372459,Italtile Limited,South Africa,pais_excluido,
31765372505,Al-Watania Poultry (Egypt),Egypt,pais_excluido,111857577065
31765372511,City of Cape Town,South Africa,pais_excluido,111851336727
31765841574,SAH Lilas,Tunisia,pais_excluido,111858059787
31766140242,,,sin_nombre,
31766140282,RMB - Rand Merchant Bank,South Africa,pais_excluido,111851297707
31766140431,Dana Group,Nigeria,pais_excluido,111859557407
31766140433,Finance Trust Bank Uganda,Uganda,pais_excluido,111858902583
31767055622,Eclosia,Mauritius,pais_excluido,111851731031
31767055623,Tiendas Daka,Venezuela,pais_excluido,111857586001
31767055653,Gambling Authority - Botswana,Botswana,pais_excluido,111851987725
31767055671,Absa Bank Moçambique,Mozambique,pais_excluido,
31767055689,Orange Mali,Mali,pais_excluido,111843216156|111857172772
31767055696,Arab African Investment Management (AAIM),Egypt,pais_excluido,111855095115
31767055743,Allan Gray,South Africa,pais_excluido,111853573801
31767055776,Black Pelican Group,Nigeria,pais_excluido,111859419014
31767984548,Wafacash,Morocco,pais_excluido,111855065435|111856577416
31767984554,Oriental Weavers,Egypt,pais_excluido,111850992271
31767984748,Kasa Corporate Services Ltd,Mauritius,pais_excluido,
31768331542,Limbe Leaf Tobacco Company,Malawi,pais_excluido,
31768331545,Uganda National Bureau of Standards (UNBS),Uganda,pais_excluido,111857199915
31768331548,Botswana Ash,Botswana,pais_excluido,111856804357
31768331557,Tosyalı Algérie,Algeria,pais_excluido,111858253847
31768331560,Daystar University,Kenya,pais_excluido,111851995736
31768331561,Brisk Credit LTD,Kenya,pais_excluido,111851995735
31768331840,M.P. Shah Hospital,Kenya,pais_excluido,
31768331870,ShadyPack.EG,Egypt,pais_excluido,
31768331922,South Nyanza Sugar Company Ltd (SonySugar),Kenya,pais_excluido,
31769307702,National Bank of Malawi,Malawi,pais_excluido,
31769307799,Al Ahli Bank of Kuwait - Egypt,Egypt,pais_excluido,111858049194
31769307812,Société Générale Bénin,Benin,pais_excluido,
31769307830,EMF SODEC,Gabon,pais_excluido,111857163124
31769618813,MICROSEN,Senegal,pais_excluido,
31770946206,CI Capital Holding,Egypt,pais_excluido,111852259665
31770946229,NOSCO Egypt,Egypt,pais_excluido,111852260129
31770946231,CIFC Egypt,Egypt,pais_excluido,111855135355
31770946312,Old Mutual,South Africa,pais_excluido,111851318338
31770946315,,,sin_nombre,
31771561022,Contact Financial Holding,Egypt,pais_excluido,111851962160|112052509285
31771561024,Kenya Wine Agencies Limited - KWAL,Kenya,pais_excluido,111858049198
31771561028,Abay Bank S.C.,Ethiopia,pais_excluido,
31771561065,Misr Cement Group,Egypt,pais_excluido,
31771561073,Hadbrok Insurance Brokers S.A.E,Egypt,pais_excluido,111854001836
31771561075,CFAO Mobility Kenya,Kenya,pais_excluido,
31771561089,National Environment Management Authority,Kenya,pais_excluido,111853441846
31772176189,Pepkor Retail Limited,South Africa,pais_excluido,111858430877
31772176199,South African Revenue Service (SARS),South Africa,pais_excluido,111856839033
31772176419,Ithala Development Finance Corporation,South Africa,pais_excluido,111851962216
31772176434,Fonds de Garantie des Dépôts Bancaires,Tunisia,pais_excluido,111858049451
31772176440,Ezemvelo KZN Wildlife,South Africa,pais_excluido,111850696485
31772176441,Medco Plast,Egypt,pais_excluido,111844222287
31772176452,Habesha Breweries,Ethiopia,pais_excluido,111858284448
31772176455,South African National Space Agency,South Africa,pais_excluido,111859408677
31772176458,Greenland Group For Food Industries S.A.E,Egypt,pais_excluido,111859408674
31772176468,FDH Financial Holdings Limited,Malawi,pais_excluido,111853981727
31772176485,MPDC - Maputo Port Development Company,Mozambique,pais_excluido,111858902445
31772210697,Redpath Mining Contractors and Engineers - Africa,South Africa,pais_excluido,112046877106
31772210764,Société Tunisienne de l'Electricité et du Gaz (STEG),Tunisia,pais_excluido,112048253341
31772485235,EGYPTAIR,Egypt,pais_excluido,
31772485274,Beltone,Egypt,pais_excluido,
31772485382,Uganda National Roads Authority (UNRA),Uganda,pais_excluido,111851370815
31772485383,Halan - حالا,Egypt,pais_excluido,111851370813|111851733271
31772485385,Standard Bank Angola,Angola,pais_excluido,111853584156
31772485387,SA Home Loans,South Africa,pais_excluido,111851989308
31772643693,Hassan Allam Holding,Egypt,pais_excluido,111857404571|112047027605|112048796689|112057128509|112057151875|112057185867
31772794674,M-Gas,Kenya,pais_excluido,111851987208
31772794678,Botswana Meat Commission,Botswana,pais_excluido,111851730994
31772794698,Egytrans,Egypt,pais_excluido,111858312869
31772794700,Breede Valley Municipality,South Africa,pais_excluido,111857445516
31773504288,Stratcol Limited,South Africa,pais_excluido,111843725737
31773504328,EOH,South Africa,pais_excluido,
31773504354,Holw El Sham - حلو الشام,Egypt,pais_excluido,
31773504361,Smart Medical Services,Egypt,pais_excluido,
31773504371,Amathole District Municipality,South Africa,pais_excluido,111843726518|111853113266
31775324184,BANK OF AFRICA - Rwanda,Rwanda,pais_excluido,111850705972
31775324194,REDCON Construction Co. S.A.E,Egypt,pais_excluido,112047416936
31775324195,Confidentiel,Burkina Faso,pais_excluido,
31775324327,Mangal Industries Ltd. (Mangal Cement),Nigeria,pais_excluido,111857586708
31775324329,AMAN Holding,Egypt,pais_excluido,111857586707
31775360347,Pangea Professional Services,South Africa,pais_excluido,112047299717|112047969606|112053492063
31777292636,Amal Petroleum Company (AMAPETCO),Egypt,pais_excluido,111850634905
31777292649,Edita Food Industries,Egypt,pais_excluido,111858049078
31777292654,Misr Insurance,Egypt,pais_excluido,111858049075
31777292656,ROYAL Herbs,Egypt,pais_excluido,111852381983
31777292675,RAiN Chartered Accountants Inc.,South Africa,pais_excluido,
31777292709,Orascom Investment Holding,Egypt,pais_excluido,111797107104
31777292727,NamPower,Namibia,pais_excluido,111858838308
31777327243,Libera Construction (Pty) Ltd,South Africa,pais_excluido,112047612040
31777327681,Allsound Security,South Africa,pais_excluido,112047687168
31778371363,Standard Lesotho Bank,Lesotho,pais_excluido,111850704791
31778371467,"The Arab Academy For Management, Banking And Financial Sciences",Egypt,pais_excluido,111859186694
31778371626,Rural Electrification Authority,Kenya,pais_excluido,111855691186
31778407185,Seriti Green,South Africa,pais_excluido,112052235572
31780289171,Arab African International Bank,Egypt,pais_excluido,111851170917|111853452113|112056814124
31780289194,Office of the Chief Justice,South Africa,pais_excluido,111856850764
31780289198,Djezzy,Algeria,pais_excluido,111851504051
31780289200,Mubasher Trade Egypt,Egypt,pais_excluido,
31780289338,Armscor,South Africa,pais_excluido,112055542044
31780289384,Orange Money Cameroun,Cameroon,pais_excluido,111852389943
31780597112,Services SETA,South Africa,pais_excluido,
31780597128,Taysir Microfinance SA,Tunisia,pais_excluido,
31780597130,Avon HMO,Nigeria,pais_excluido,111858303534
31780597154,2B,Egypt,pais_excluido,111858097745
31780597275,Tseppas MG,Egypt,pais_excluido,
31780632180,Varilux,South Africa,pais_excluido,112047171186
31781836878,AtlantaSanad Assurance,Morocco,pais_excluido,111851343989
31781836879,Nestoil Limited,Nigeria,pais_excluido,111856794381
31781836880,Ocean Marine Solutions Ltd,Nigeria,pais_excluido,111858291566
31781836951,OBARO,South Africa,pais_excluido,111851524635
31781836952,Family Bank Ltd,Kenya,pais_excluido,111843216304|111857586820
31781836957,Asilia Africa,Tanzania,pais_excluido,111857586825
31781836969,Cathsseta,South Africa,pais_excluido,111851504430
31781837074,African Export-Import Bank (Afreximbank),Egypt,pais_excluido,111853004441
31781837077,eStream Networks,Nigeria,pais_excluido,111851989118
31781871759,Rowad Modern Engineering,Egypt,pais_excluido,112042037923|112057339693|112057749321
31781871760,B&E International,South Africa,pais_excluido,112046682196|112068921426
31781871907,Centlec,South Africa,pais_excluido,112056526766
31782297893,Lewis Group Ltd,South Africa,pais_excluido,111857577803
31782297895,Altron Document Solutions,South Africa,pais_excluido,111850707810
31782297918,Imarika Sacco,Kenya,pais_excluido,
31782457688,Bank of Baroda Tanzania,Tanzania,pais_excluido,
31782457691,Hazina Sacco Society Limited,Kenya,pais_excluido,111851513529
31782457701,Palm Hills Developments,Egypt,pais_excluido,111850488681|112057330866
31782457710,Badr University in Cairo,Egypt,pais_excluido,111843725748
31782457713,Akhnaton Trading and Distribution- EVA Group Limited,Egypt,pais_excluido,111843725752
31782457721,Bags&Sacks SARL,Democratic Republic of the Congo,pais_excluido,
31782457725,C.N.A de Seguros La previsora,Venezuela,pais_excluido,111853003051
31782457727,wanandege sacco,Kenya,pais_excluido,
31782457756,TIA,South Africa,pais_excluido,111855636911
31782457867,SNG Grant Thornton,South Africa,pais_excluido,
31782457909,Nassar Group Egypt,Egypt,pais_excluido,111851377787
31782495079,Trollope,South Africa,pais_excluido,
31782495093,Digitel South Sudan,South Sudan,pais_excluido,112057443403
31782495095,DOTS for Engineering Industries,Egypt,pais_excluido,111993069873
31782495396,"Information Technology Industry Development Agency, ITIDA",Egypt,pais_excluido,112046851981
31782612244,Misr Italia Properties,Egypt,pais_excluido,111851637138
31782652540,,,sin_nombre,
31782652813,PanAfrican Energy Tanzania Ltd (PAET),Tanzania,pais_excluido,111993449578
31782910517,Kenpoly,Kenya,pais_excluido,111851504232
31782910535,,,sin_nombre,
31782910551,EDECS,Egypt,pais_excluido,111857465267
31782910552,PLASTIMA CANALISATIONS,Morocco,pais_excluido,
31782910569,TFG (The Foschini Group),South Africa,pais_excluido,111857587597
31782910570,Independent Development Trust,South Africa,pais_excluido,111858424583
31783720362,SupriMoz,Mozambique,pais_excluido,
31784137799,Arab Developers Holding,Egypt,pais_excluido,111857416006
31784297839,AIRTEL GABON,Gabon,pais_excluido,111857566311
31784297843,Al Barid Bank,Morocco,pais_excluido,111857566307
31784297904,ENNAKL Automobiles,Tunisia,pais_excluido,111855065768
31784297997,Bank One Limited,Mauritius,pais_excluido,111852008712|111859388506
31784297998,VKB Landbou,South Africa,pais_excluido,111851732021
31784298014,Newtan Insurance limited,Tanzania,pais_excluido,
31784335274,NLNG,Nigeria,pais_excluido,112052418627|112057958744
31784335378,Ecotech Namibia,Namibia,pais_excluido,
31784335399,"EMC ""Egyptian Maintenance Company""​ - Petroleum Sector",Egypt,pais_excluido,112020039220
31784335494,Pacific Logging,Venezuela,pais_excluido,112047863854
31784335496,CDR Contracts,South Africa,pais_excluido,
31784595514,Barista,Uganda,pais_excluido,
31784595518,Development Bank Ghana,Ghana,pais_excluido,111844219814
31784595797,Port Autonome de Dakar L'Officielle,Senegal,pais_excluido,111852372625
31784631821,Mountain View,Egypt,pais_excluido,112069037380
31784631824,Bank Windhoek,Namibia,pais_excluido,112051397457
31784839705,Mangosuthu University of Technology,South Africa,pais_excluido,111859176268
31784839710,National Bank of Egypt (NBE),Egypt,pais_excluido,111851733273|111852136705|111858139574
31784839731,Filmhouse Group,Nigeria,pais_excluido,111857567502
31784839773,,,sin_nombre,
31784875135,EZZSTEEL,Egypt,pais_excluido,112057295646|112057465522
31784998762,MTN,South Africa,pais_excluido,111850625594|111853991795|111857405787
31784998766,Posta Uganda Limited,Uganda,pais_excluido,111851936431
31784998834,Siginon Group,Kenya,pais_excluido,111852018811
31784998838,Exim Bank (Tanzania) Limited,Tanzania,pais_excluido,111857587880
31784998840,Norrenberger,Nigeria,pais_excluido,111853991792
31784998937,CBH,South Africa,pais_excluido,111859450228
31785036817,,,sin_nombre,
31785037150,Ikeja Electric,Nigeria,pais_excluido,112057128501
31785037946,Facilities,Egypt,pais_excluido,
31785462922,WIOCC,Mauritius,pais_excluido,111851157518
31785463088,AfroCentric Group,South Africa,pais_excluido,111852137290
31785463137,Happy Sweet,Egypt,pais_excluido,111859196441
31785463141,Jubilee Insurance Uganda,Uganda,pais_excluido,
31785463172,Proctor & Allan (EA) Limited,Kenya,pais_excluido,111852788610
31785501029,Azule Energy,Angola,pais_excluido,112057520032
31785501184,Inelectra,Venezuela,pais_excluido,112057972907
31785611116,,,sin_nombre,
31785611149,,,sin_nombre,
31785646236,Solar Mining Services Pty Ltd,South Africa,pais_excluido,112046851977
31785646258,King Civil Engineering Contractors (Pty) Ltd.,South Africa,pais_excluido,112057376352
31785921976,Jubilee Insurance,Kenya,pais_excluido,
31785922059,Equity Bank Rwanda,Rwanda,pais_excluido,
31785922063,Sharubutu Investment (Procter & Gamble Regional Distributor),Nigeria,pais_excluido,
31785922067,MTA Maghrébine de Transport et Auxiliaire,Algeria,pais_excluido,111850674858
31785922095,Phase3 Telecom,Nigeria,pais_excluido,
31785922306,NCBA Group,Kenya,pais_excluido,111858902591
31785922307,SLOT SYSTEMS LIMITED,Nigeria,pais_excluido,
31785956871,,,sin_nombre,
31786572551,Sigma Immobili Limited,Uganda,pais_excluido,112059809064
31787044687,Nedbank Zimbabwe Limited,Zimbabwe,pais_excluido,111858807392
31787044688,Wadi Degla Holding,Egypt,pais_excluido,111857404574
31787044702,Formex Industries,South Africa,pais_excluido,111852260384
31787044704,Umoja Microfinance limited,Uganda,pais_excluido,
31787044711,Bank of Kigali Plc,Rwanda,pais_excluido,111857435671
31787082510,BIA GROUP,Mauritius,pais_excluido,112048379968
31787817237,Kenya National Bureau of Statistics,Kenya,pais_excluido,111857211676
31787817243,Graphic Systems (U) Ltd,Uganda,pais_excluido,111857211672
31787817244,Tamweel Investments Holding - TIH,Egypt,pais_excluido,111857211678
31787817272,Agricultural Bank of Namibia,Namibia,pais_excluido,111859449996
31787817275,Volta River Authority,Ghana,pais_excluido,111843727205
31787852418,Esor Construction,South Africa,pais_excluido,112048390188
31787852437,Much Asphalt,South Africa,pais_excluido,
31788122015,Alforat Development,Egypt,pais_excluido,111851307690
31788122016,Ehlanzeni District Municipality,South Africa,pais_excluido,111851336058
31788122130,City Property,South Africa,pais_excluido,111853112321
31788122134,GemSuites,Kenya,pais_excluido,111856607613
31789473579,GIDNA,Morocco,pais_excluido,111859419012
31789508122,WBHO Construction,South Africa,pais_excluido,112040240051|112046819087|112047539211|112052314504|112059783025
31789508126,LODAS Construction,South Africa,pais_excluido,
31789508527,Motheo Construction Group,South Africa,pais_excluido,112046877855
31789630332,Goldwyns Nigeria,Nigeria,pais_excluido,111856838793
31789630479,Liberty Group South Africa,South Africa,pais_excluido,111859450035
31789630521,Integrated Diagnostics Holdings - IDH,Egypt,pais_excluido,
31790400611,First Capital Bank Botswana,Botswana,pais_excluido,111858698549
31790400613,ZB Financial Holdings,Zimbabwe,pais_excluido,111858410773
31790400624,Cimenterie De Lukala Sarl,Democratic Republic of the Congo,pais_excluido,
31790400628,GRIPP Advisory,South Africa,pais_excluido,111858272612
31790400629,Engen,South Africa,pais_excluido,
31790435157,TAU PELE CONSTRUCTION (PTY) LTD,South Africa,pais_excluido,
31790435163,Thungela,South Africa,pais_excluido,112057454981
31790435206,NEWGIZA for Real Estate and Development HR,Egypt,pais_excluido,112052689006
31790435209,3 Dot Construction And Developments (Pty) Ltd.,South Africa,pais_excluido,
31790435213,MABRUK OIL OPERATIONS,Libya,pais_excluido,
31790435351,ENZA CONSTRUCTION,South Africa,pais_excluido,112060453012
31790435366,Oxbow,South Africa,pais_excluido,112047615324
31790435369,PETROJET,Egypt,pais_excluido,112056816547
31790435400,Tri-Star Construction (Pty) Ltd,South Africa,pais_excluido,
31790435402,"HAWK International & Construction Djibouti, SARL",Djibouti,pais_excluido,112057151876
31791325012,CABS,Zimbabwe,pais_excluido,111857544571
31791325081,saib,Egypt,pais_excluido,111856819518|111857405478|111858137457
31791325082,ELARABY Group,Egypt,pais_excluido,111858137454|111858305405
31791325083,Occidental Insurance Company Limited (Kenya),Kenya,pais_excluido,111858410769
31791325194,Macsteel Service Centres S.A.,South Africa,pais_excluido,111855636869
31791325220,Samancor Chrome,South Africa,pais_excluido,111850676522|111855251565
31791325252,CORPLEASE,Egypt,pais_excluido,111851370820
31791361797,Royal Bafokeng Platinum Ltd,South Africa,pais_excluido,112058219698
31791361851,Engineering Company for Integrated Projects ECIP,Egypt,pais_excluido,112052567177
31791490386,MOTUS HOLDINGS LIMITED,South Africa,pais_excluido,
31791490389,Cornerstone Insurance Plc,Nigeria,pais_excluido,111858902586
31791530267,Airports Company South Africa,South Africa,pais_excluido,112057572435
31791530621,Benya,Egypt,pais_excluido,112052421266
31791530630,Bancaribe,Venezuela,pais_excluido,112056805416
31791640499,Basil Read Limited,South Africa,pais_excluido,111858847003
31791640577,SPEDU,Botswana,pais_excluido,111858253479
31791640597,UNISTAR,Egypt,pais_excluido,111851732486
31791640638,Misr Insurance Holding Company ( MIHC ),Egypt,pais_excluido,111858700444
31791640650,Rab Processors Ltd.,Malawi,pais_excluido,
31791678118,Stefanutti Stocks,South Africa,pais_excluido,
31791678519,Transnet Freight Rail,South Africa,pais_excluido,
31791678521,ELSEWEDY ELECTRIC POWER SYSTEMS PROJECTS,Egypt,pais_excluido,112058716808
31792097207,Badger Holdings (Pty) Ltd,South Africa,pais_excluido,
31792097280,Computershare South Africa,South Africa,pais_excluido,111853132572
31792097292,Premier Services and Recruitment,Egypt,pais_excluido,111851936150
31792097293,AAVA Brands Limited,Nigeria,pais_excluido,111850674859
31792097321,Kalagadi Manganese,South Africa,pais_excluido,111857586822
31792097326,LUANAR-Lilongwe University of Agriculture and Natural Resources,Malawi,pais_excluido,111857941569
31792097352,BUA Foods Plc.,Nigeria,pais_excluido,111852018694|111852038299
31792097390,,,sin_nombre,
31792097396,FITC Nigeria,Nigeria,pais_excluido,111855670819
31792097397,Westvaal Group,South Africa,pais_excluido,
31792097415,Abuja Electricity Distribution Plc,Nigeria,pais_excluido,111859438956
31792097420,Beconsult C.A.,Venezuela,pais_excluido,111859438951
31792858409,Constantia Insurance Company Limited,South Africa,pais_excluido,111856577418
31792858421,Iwosan Investments,Nigeria,pais_excluido,111834925869
31792858424,AboSamra Travel,Egypt,pais_excluido,111858105880
31792858686,Kuwadico,Egypt,pais_excluido,111858108211
31792858723,LafargeHolcim Maroc,Morocco,pais_excluido,
31792858735,fastuka,Egypt,pais_excluido,111852028738
31792858739,Eastern Cape Provincial Treasury,South Africa,pais_excluido,111843727008
31792858746,Trinity Energy Limited,South Sudan,pais_excluido,111851337364
31793466226,Suez Canal Economic Zone (SCZONE),Egypt,pais_excluido,111858097063
31793466227,Standard Bank Namibia,Namibia,pais_excluido,111851297056|111858313264
31793466230,OneTech group,Tunisia,pais_excluido,111857586003
31793466235,Citadel Investment Services,South Africa,pais_excluido,111850733851
31793466260,Zetech University,Kenya,pais_excluido,111851000848
31793466420,National Transport and Safety Authority,Kenya,pais_excluido,111851308927
31793466433,Delta For Construction & Rebuilding,Egypt,pais_excluido,
31793466434,BEREP | Bureau d'Etudes de Réalisations & d'Engineering de Projets,Algeria,pais_excluido,111855114574
31793466447,OPPORTUNITY BANK UGANDA LTD,Uganda,pais_excluido,
31793466454,Stanbic Bank Kenya,Kenya,pais_excluido,
31793466456,BudPay,Nigeria,pais_excluido,111850707612
31793778793,Absa Bank Kenya,Kenya,pais_excluido,
31793778795,ELSEWEDY ELECTRIC,Egypt,pais_excluido,
31794184994,,,sin_nombre,
31794185020,Rand Water,South Africa,pais_excluido,111853003430
31794222422,AESSEAL South Africa,South Africa,pais_excluido,112052346764
31794340201,Mogo,Egypt,pais_excluido,
31794340202,Super Group,South Africa,pais_excluido,
31794377990,Middle East,Egypt,pais_excluido,
31794378506,INTRADE Contracting,Egypt,pais_excluido,112057574827
31794857323,Sol Plaatje Municipality,South Africa,pais_excluido,111858138763
31794857324,Fidelity Bank PLC,Nigeria,pais_excluido,111858108214
31794857325,Kakuzi Plc,Kenya,pais_excluido,111855637429
31794857349,Egypt Gold,Egypt,pais_excluido,
31794857367,Mascom Wireless,Botswana,pais_excluido,111858424870
31794891375,Avis Forklift Centre,South Africa,pais_excluido,111993069877
31794891522,,,sin_nombre,
31794891572,Transportes Lalgy,Mozambique,pais_excluido,
31794892581,University of Pretoria,South Africa,pais_excluido,112057752357
31795788089,Diamond Trust Bank,Kenya,pais_excluido,111851375976
31795788130,"Drakenstein Municipality, Paarl, Western Cape",South Africa,pais_excluido,111855636864
31795788132,City of Johannesburg,South Africa,pais_excluido,111851741548
31795823412,WOODstyles Ltd,Nigeria,pais_excluido,112057408419
31795823640,,,sin_nombre,
31795823773,Thompsons Holidays,South Africa,pais_excluido,
31796108116,Nexia SAB&T,South Africa,pais_excluido,111851188271|111851343992|111852017840|111855093273|111856516775|111857404284
31796108117,CIB,South Africa,pais_excluido,
31796108170,SAICA,South Africa,pais_excluido,
31796108185,The FMN Group,Nigeria,pais_excluido,111851336081
31796108312,EFG Holding,Egypt,pais_excluido,111851636306
31796108346,Pesapal,Kenya,pais_excluido,111857163272
31796108350,Platinum Credit LTD - Tanzania,Tanzania,pais_excluido,111852389501
31796573443,CAPITALFIELD INVESTMENT GROUP LTD,Nigeria,pais_excluido,111850706589
31796573455,DANGOTE SUGAR REFINERY PLC,Nigeria,pais_excluido,
31796573482,African Century Limited,Zimbabwe,pais_excluido,111855637058
31796573483,RSM South Africa,South Africa,pais_excluido,
31796573493,Alexandria Business Association (SME Project),Egypt,pais_excluido,111851524868
31796573496,Institute of Chartered Accountants of Nigeria,Nigeria,pais_excluido,111856839094
31796573533,,,sin_nombre,
31796607522,"Arco Services, C.A.",Sudan,pais_excluido,
31796607838,Desempregado,Mozambique,pais_excluido,
31797191782,Sasol,South Africa,pais_excluido,111850202935|111993069870
31797191962,T2S Group,Morocco,pais_excluido,
31797192003,MVola,Madagascar,pais_excluido,111850625894
31797192044,Africa Plus Partners Nigeria Limited,Nigeria,pais_excluido,111858911322
31797192053,,,sin_nombre,
31797655707,Netcare,South Africa,pais_excluido,111850694187
31797655720,Senwes,South Africa,pais_excluido,111855093274
31797655829,Consolidated Bank Ghana,Ghana,pais_excluido,111853132576|111858859056
31797655885,Zimbabwe Stock Exchange,Zimbabwe,pais_excluido,
31797655904,Mersal Foundation,Egypt,pais_excluido,111858049447
31797655930,Concord Engineering & Contracting,Egypt,pais_excluido,111853314726|111858284443|111993449845
31797655964,"First Capital Bank, Malawi",Malawi,pais_excluido,111855670654
31797655967,GAT ASSURANCES,Tunisia,pais_excluido,111855670661
31798032664,,,sin_nombre,
31798032676,Sumitomo Rubber South Africa (Pty) Ltd.,South Africa,pais_excluido,111851532591|111856828847
31798032976,First Bank of Nigeria Ltd.,Nigeria,pais_excluido,111851337099
31798032984,Geminia Insurance Co Ltd,Kenya,pais_excluido,111853573537
31798033029,National Railways of Zimbabwe,Zimbabwe,pais_excluido,111857416238
31798033030,Maisha Microfinance Bank Limited,Kenya,pais_excluido,111853103950
31798068301,Ping Serviços,Mozambique,pais_excluido,
31798344791,Gilani's Distributors Ltd,Kenya,pais_excluido,
31798344881,Nedbank Moçambique,Mozambique,pais_excluido,111858078482
31798344999,eFinance Investment Group,Egypt,pais_excluido,
31798345013,Harmony Gold Mining Company Limited,South Africa,pais_excluido,111856861738
31798379551,Refraline Group of Companies,South Africa,pais_excluido,112046681618
31798380712,Ingerop South Africa,South Africa,pais_excluido,
31798380713,Arab International Bank,Egypt,pais_excluido,112053078394
31798499373,Bidvest,South Africa,pais_excluido,
31798499447,Cashbuild,South Africa,pais_excluido,111858431751
31798499450,Jumia Group,Nigeria,pais_excluido,111852501889
31798499465,Republic Bank Ghana,Ghana,pais_excluido,111850508180
31798499485,,,sin_nombre,
31798499500,Telecom Egypt,Egypt,pais_excluido,111851169698|111851525928|111858313265
31798499502,Illovo Sugar Africa,South Africa,pais_excluido,
31798499641,CMI MAROC,Morocco,pais_excluido,
31798499644,Sacco Societies Regulatory Authority (SASRA),Kenya,pais_excluido,111851346719
31798535684,GVK-Siya Zama Building Contractors,South Africa,pais_excluido,
31798535685,Manser Saxon Contracting Ltd,Mauritius,pais_excluido,112046819202
31798536080,McAllister Construction,South Africa,pais_excluido,
31798536526,eThekwini Municipality,South Africa,pais_excluido,112040244764
31798655014,City of Ekurhuleni,South Africa,pais_excluido,
31798655017,PSG Financial Services,South Africa,pais_excluido,111851297065
31798655102,Omnicane Ltd.,Mauritius,pais_excluido,111857435250
31798655109,Commercial Bank of Ethiopia,Ethiopia,pais_excluido,111858048627
31798655242,Clinica Pirata Valencia,Venezuela,pais_excluido,111855280456
31798655270,Makro Venezuela,Venezuela,pais_excluido,111853103954
31798811776,INVERSIONES SELVA C.A.,Venezuela,pais_excluido,111858293356
31798811816,Egypt Foods Group,Egypt,pais_excluido,111851188903|111852160268
31798811822,KCB BANK UGANDA,Uganda,pais_excluido,111851325590|111852150401
31798811823,North West Development Corporation (NWDC),South Africa,pais_excluido,111857547059
31798847106,Martin & East,South Africa,pais_excluido,112052346758
31799275035,STEG International Services,Tunisia,pais_excluido,111857953326
31799275036,Grindrod,South Africa,pais_excluido,111858079056|111858411087
31799275041,"Especialidades Dollder, C.A.",Venezuela,pais_excluido,111850498893
31799275109,ZSIC Life,Zambia,pais_excluido,111850735661
31799275110,DORMAN LONG ENGINEERING LIMITED,Nigeria,pais_excluido,111858305176
31799275112,Al-Mansour Automotive,Egypt,pais_excluido,111850735665|111858424955
31799275135,PPC Zimbabwe,Zimbabwe,pais_excluido,111858099101
31799429633,Toyota SA,South Africa,pais_excluido,111851295653
31799429637,M-AUTOMOTIV,Morocco,pais_excluido,
31799429638,Massmart,South Africa,pais_excluido,111857402775|111858057606
31799429697,Sanlam Maroc,Morocco,pais_excluido,
31799429698,OK Zimbabwe Limited (Official Page),Zimbabwe,pais_excluido,111850633033
31799429711,BancABC Zimbabwe,Zimbabwe,pais_excluido,111852399679
31799430019,Continental Asset Management,Malawi,pais_excluido,
31799430024,KCB Bank Tanzania,Tanzania,pais_excluido,
31799430051,SovereignTrustNG,Nigeria,pais_excluido,111853452117
31799582297,Management Training Bureau,Zimbabwe,pais_excluido,111856567372
31799582486,Wafa IMA Assistance,Morocco,pais_excluido,111857161657
31799582494,Exxaro Resources,South Africa,pais_excluido,111852381039
31799582500,MTN Sudan,Sudan,pais_excluido,111852259631
31799582501,FPi-Future Pharmaceutical industries,Egypt,pais_excluido,
31799582513,Ibnsina Pharma,Egypt,pais_excluido,111851336455
31799582576,Maghrebail,Morocco,pais_excluido,111852359001
31799582583,Emkay Foods,Egypt,pais_excluido,111858294932
31799582589,Nedbank,South Africa,pais_excluido,111858060549
31799617823,Rey & Lenferna Ltd,Mauritius,pais_excluido,
31799618169,Sonatrach,Algeria,pais_excluido,
31799618709,TAQA Morocco,Morocco,pais_excluido,112057274181
31799900484,Post For Investment,Egypt,pais_excluido,111858253484
31799900486,Stanbic Bank Uganda,Uganda,pais_excluido,
31799900505,City Power,South Africa,pais_excluido,111858708533
31799900533,Groupe Holmarcom,Morocco,pais_excluido,111852994056
31800028520,Water Utilities Corporation,Botswana,pais_excluido,112046978666
31800028680,GB Corp,Egypt,pais_excluido,
31800028687,SIB,South Africa,pais_excluido,
31800028689,مغازات عزيزة Magasins Aziza,Tunisia,pais_excluido,111851935842
31800028735,,,sin_nombre,
31800028762,Universal Group,Egypt,pais_excluido,111851361712
31800184080,PwC South Africa,South Africa,pais_excluido,111858116125|111858138895
31800184083,Abu Dhabi Commercial Bank - Egypt,Egypt,pais_excluido,111857586713|111858252706
31800184084,e& Egypt,Egypt,pais_excluido,111844223008|111850735660|111858252712|112046819203
31800184128,Bergrivier Municipality,South Africa,pais_excluido,111851188902
31800184167,HV Holdings Ltd,Mauritius,pais_excluido,111858412361
31800184180,Agribusiness Development Agency,South Africa,pais_excluido,
31800218805,METC - Metallurgical Engineering Technology & Construction,South Africa,pais_excluido,112057448054
31800218881,Cred Developments,Egypt,pais_excluido,112059747441
31800338839,Standard Bank South Africa,South Africa,pais_excluido,111851934311|111855115134|111858088632|111858870547
31800338854,KCA University,Kenya,pais_excluido,111857544568
31800339084,Tangerine Africa,Nigeria,pais_excluido,111857416055
31800339085,Bugshan Automotive Group,Morocco,pais_excluido,111857416054
31800339116,Paradigm Ltd.,Egypt,pais_excluido,
31800375467,,,sin_nombre,
31800868434,Caracas Insurance from Liberty Mutual,Venezuela,pais_excluido,
31800868469,Transnet SOC Ltd,South Africa,pais_excluido,111851524012|111859186559|112048098334|112048124304|112057982631
31800868473,Civil Aviation Authority of Zimbabwe,Zimbabwe,pais_excluido,111858410765
31800868508,GROUPE MEDIA CONTACT,Benin,pais_excluido,
31800868510,Arit of Africa,Nigeria,pais_excluido,111858699359|111859438957
31800868516,Uganda Airlines,Uganda,pais_excluido,111858049074
31800868534,SOTUVER,Tunisia,pais_excluido,111858273458
31800868608,elmarakby steel,Egypt,pais_excluido,111851336789
31800868617,Bayt El Khebra Group,Egypt,pais_excluido,111858128217
31800868624,OFPPT,Morocco,pais_excluido,111851336780
31800868628,UGAFODE Microfinance Limited (MDI),Uganda,pais_excluido,111850635902|111858253483
31800868629,Wema Bank Plc.,Nigeria,pais_excluido,111843726517|111851733000
31800903076,ADvTECH Group,South Africa,pais_excluido,112040240273
31800904490,Smart Building Solutions,Algeria,pais_excluido,
31801020505,Industrial Development Corporation,South Africa,pais_excluido,111851742290|111852400996
31801020525,NEO INDUSTRY S.A,Cameroon,pais_excluido,111853112325
31801020581,Al Baraka Bank Egypt,Egypt,pais_excluido,
31801020681,North South Power Company Limited,Nigeria,pais_excluido,111859389093
31801334871,CIC Insurance Company,Kenya,pais_excluido,111852369753
31801335056,BCP Bank (Mauritius),Mauritius,pais_excluido,111853102219
31801335089,Wagagai ltd,Uganda,pais_excluido,
31801335093,Asma Invest,Morocco,pais_excluido,
31801335130,FACELIFT CONSULTING,Egypt,pais_excluido,111834928293|111858699890
31801335131,Motlanalo Chartered Accountants & Auditors Inc.,South Africa,pais_excluido,
31801335134,Custodian Investment Plc,Nigeria,pais_excluido,
31801335187,Nedbank Lesotho,Lesotho,pais_excluido,111855700752
31801369668,University of KwaZulu-Natal,South Africa,pais_excluido,112057247032
31801369885,Topco Media,South Africa,pais_excluido,
31801493266,Roads Agency Limpopo,South Africa,pais_excluido,111850625192
31801493381,GPC ENERGY AND LOGISTICS LTD,Nigeria,pais_excluido,111834928048
31801530021,,,sin_nombre,
31801648971,Madibeng Local Municipality,South Africa,pais_excluido,111858046613
31802382505,Oma Accounting Inc.,South Africa,pais_excluido,111858077042
31802382507,SEDIMA GROUP,Senegal,pais_excluido,111858805573
31802382508,PetroSA,South Africa,pais_excluido,111857402771
31802382510,Advans Tunisie,Tunisia,pais_excluido,111850497567
31802382511,Eskom Holdings SOC Ltd,South Africa,pais_excluido,111852379907|112047687173|112048746566|112053513049|112057282615|112057487267|112057543177|112060163439
31802382669,THISDAY,Nigeria,pais_excluido,111856838540
31802382671,IC Group,Ghana,pais_excluido,111858868482
31802417593,First Group Egypt,Egypt,pais_excluido,112048099605
31802536987,Government of Botswana,Botswana,pais_excluido,111857413189
31802536988,RCL FOODS,South Africa,pais_excluido,111857402536
31802536993,Attijari Leasing,Tunisia,pais_excluido,111851295656
31802536994,Zambia Revenue Authority (ZRA),Zambia,pais_excluido,111858902590
31802537241,Access Bank Plc,Nigeria,pais_excluido,111851336732
31802537243,WIFAK INTERNATIONAL BANK,Tunisia,pais_excluido,111856819075
31802537281,Namibia Training Authority,Namibia,pais_excluido,111853113268
31802537283,Azania Bank Plc,Tanzania,pais_excluido,111852018561
31802537286,Consolidated Hallmark Insurance Plc,Nigeria,pais_excluido,111858858645
31802572614,AlQamzi Development,Egypt,pais_excluido,112056836771
31802573699,Odoko Construction (Pty) Ltd,South Africa,pais_excluido,112047287554
31802691389,Kampala Capital City Authority,Uganda,pais_excluido,111850222092
31802691457,Old Mutual Kenya,Kenya,pais_excluido,
31802691484,Hollard Insurance,South Africa,pais_excluido,111851169934
31802691588,ukulima cooperative society,Kenya,pais_excluido,
31802691594,Cimenteries Du Cameroun,Cameroon,pais_excluido,
31802726991,,,sin_nombre,
31802727073,PRASA,South Africa,pais_excluido,111993072729
31802727170,,,sin_nombre,
31802844228,National Social Security Fund,Uganda,pais_excluido,111851511993|112047841184
31802844242,Bavarian Auto Group,Egypt,pais_excluido,
31802844246,Eagle-Chemicals Group,Egypt,pais_excluido,111850992050
31802879752,"Del Sur Banco Universal, C.A.",Venezuela,pais_excluido,112020042768
31803001869,Roads Authority of Namibia,Namibia,pais_excluido,111857209197
31803001876,Tongaat Hulett,South Africa,pais_excluido,111850704903
31803001965,BOTSWANA POWER CORPORATION,Botswana,pais_excluido,111856818193
31803001966,Tiger Brands,South Africa,pais_excluido,111850674544
31803001983,"Corporación Drolanca, C.A.",Venezuela,pais_excluido,
31803001985,Alerzo,Nigeria,pais_excluido,111853003049
31803036940,,,sin_nombre,
31803155298,Standard Bank Moçambique,Mozambique,pais_excluido,111857210708|111857416011|111858902363
31803155301,Phaga Industries,Egypt,pais_excluido,111858687510
31803155309,Sanlam,South Africa,pais_excluido,111857424304|111858129156|111859175858
31803155334,Valuence Pty Ltd,South Africa,pais_excluido,111851369309
31803309635,Smile Communications Nigeria Limited,Nigeria,pais_excluido,111852027212
31803309678,Elundini Local Municipality,South Africa,pais_excluido,111851308936
31803309712,Mercantil Banco,Venezuela,pais_excluido,
31803309734,Sterling Bank,Nigeria,pais_excluido,111843216789
31803741055,Rift Valley Corporation,Zimbabwe,pais_excluido,
31803741221,W&RSETA,South Africa,pais_excluido,111843726911
31803741224,Mega Cash & Carry,Angola,pais_excluido,111851732487
31805281281,The Kuyasa Fund,South Africa,pais_excluido,
31805281355,SF Group Of Companies Ltd,Tanzania,pais_excluido,
31805281367,The Shoprite Group of Companies,South Africa,pais_excluido,
31805281371,JOTNA Nigeria,Nigeria,pais_excluido,111858858767
31805281374,Kansai Plascon,South Africa,pais_excluido,111859188066
31805281382,SFA Congo,Democratic Republic of the Congo,pais_excluido,111852028838
31805281410,MTN South Sudan,South Sudan,pais_excluido,
31805466458,ROSE BLANCHE Group,Tunisia,pais_excluido,111834928290|111858423332
31805466460,Kreston EGYPT Tamer Nabarawy & CO,Egypt,pais_excluido,111858423323
31805466660,Central Bank of Nigeria,Nigeria,pais_excluido,111851319149
31805466687,Target For Chemicals Industry And Trade,Egypt,pais_excluido,111851526008
31805501089,Stiles,South Africa,pais_excluido,112048123477
31806340901,Bravo Brands,South Africa,pais_excluido,111851534148
31806341002,National Library of South Africa,South Africa,pais_excluido,111851743000
31807676526,Econet Telecom Lesotho,Lesotho,pais_excluido,111857554068
31807676711,Indwe Risk Services,South Africa,pais_excluido,111852036474
31807676712,Alexanna,Kenya,pais_excluido,111850624433
31807676763,Turame Community Finance S.A,Burundi,pais_excluido,111851013473
31808121005,ethio telecom,Ethiopia,pais_excluido,111852399665
31808121006,Standard Bank Group,South Africa,pais_excluido,111851936145|111853461414|111857173897|111857464333|111858108230|111858108233|111858902368|111859450000
31808121191,UAP Old Mutual Uganda,Uganda,pais_excluido,
31808121267,ضمان - CGC,Egypt,pais_excluido,111851346980
31808121345,Al Ahly Capital Holding,Egypt,pais_excluido,111844222850
31808121350,"Arab Petroleum Pipelines Company "" SUMED """,Egypt,pais_excluido,111857578156
31808121369,Egypt Gulf Elevators & Escalators Company -EGGEEC,Egypt,pais_excluido,111855691156
31808121371,uMgungundlovu District Municpality,South Africa,pais_excluido,111858070316
31808382876,Attijariwafa bank,Morocco,pais_excluido,
31808382879,Africa Nazarene University,Kenya,pais_excluido,111858836656
31808382880,Britam,Kenya,pais_excluido,111855113613|111857405959
31808382995,NetOne Cellular Private Limited,Zimbabwe,pais_excluido,111857404942
31808383016,SOREC,Morocco,pais_excluido,111853313896
31808383019,SPAR South Africa,South Africa,pais_excluido,111858880925
31808383022,Express Exchange SA,Cameroon,pais_excluido,
31808802095,Avacare Health Group,South Africa,pais_excluido,
31808802098,Kenya Railways,Kenya,pais_excluido,111858263349
31808802167,Financial Regulatory Authority FRA,Egypt,pais_excluido,111851998498
31808802173,Hello Products Limited,Nigeria,pais_excluido,111858059923
31808837392,JC Van Der Linde and Venter Projects (Pty) Ltd,South Africa,pais_excluido,112047313845|112047431941|112057340330|112069014578
31808838413,Misr Technology Services,Egypt,pais_excluido,112059747443
31808964143,Qalaa Holdings,Egypt,pais_excluido,111850992051
31808964258,Internal Audit Leaders Conclave,Kenya,pais_excluido,
31808964396,Yves Rocher Maroc,Morocco,pais_excluido,
31808964397,Santam Insurance,South Africa,pais_excluido,111851309360|111852993187
31808964399,Bidvest Bank Limited,South Africa,pais_excluido,111855134988
31808964419,Bidfood Exports,South Africa,pais_excluido,
31809120013,Tabarak Holding,Tunisia,pais_excluido,111851740535
31809120014,SEDICO Pharmaceutical,Egypt,pais_excluido,111834926517
31809120016,THE NATIONAL PENSION SCHEME AUTHORITY,Zambia,pais_excluido,111858431744
31809120080,Agricultural Bank of Egypt,Egypt,pais_excluido,
31809120083,Emploi Service,Cameroon,pais_excluido,
31809120090,LinkMisr International,Egypt,pais_excluido,111857163125
31809120091,Konga Group,Nigeria,pais_excluido,111858858616
31809120097,Banque de l'Habitat du Tchad,Chad,pais_excluido,111857163132
31809120106,,,sin_nombre,
31809155205,Jones & Wagener (Pty) Ltd,South Africa,pais_excluido,112068764987
31809275797,Sothema,Morocco,pais_excluido,
31809275815,Mediterraneo,Egypt,pais_excluido,111857544573
31809275985,Ministry of Finance-Tanzania,Tanzania,pais_excluido,111858242415
31809275993,Vodacom Tanzania Plc,Tanzania,pais_excluido,111852373315|111858826113
31809276190,Society for Family Health Nigeria,Nigeria,pais_excluido,111857587881
31809276207,Al Tadamun Microfinance Foundation,Egypt,pais_excluido,111858424872
31809311643,VACC Technical Limited,Nigeria,pais_excluido,
31809311861,EDF Renewables (South Africa),South Africa,pais_excluido,112047647650
31809312049,Misr Phosphate,Egypt,pais_excluido,
31809312181,Baheya Charity Women's Cancer Hospital,Egypt,pais_excluido,112057559444
31809437092,Grupo Lamar,Venezuela,pais_excluido,111852380680
31809439078,Wafa Assurance,Morocco,pais_excluido,
31809439128,Abacus Pharma (A) Limited,Uganda,pais_excluido,
31809439130,Ghana Center For Democratic Development (CDD-Ghana),Ghana,pais_excluido,111856860244
31809439855,Somtel,Somalia,pais_excluido,
31809440033,Porto Group,Egypt,pais_excluido,
31809440034,"CAM Corporación American Minerals,C.A.",Venezuela,pais_excluido,
31809440035,ExpressCredit Group,Namibia,pais_excluido,111852037227
31809440037,Grupo LETI,Venezuela,pais_excluido,111858262830
31809440068,South African Post Office,South Africa,pais_excluido,111850788218|111851170925|111858069340
31809440069,AFC Holdings,Zimbabwe,pais_excluido,111857577064
31809440080,Inqaba Kadiya,South Africa,pais_excluido,111856851228
31809441308,Standard Bank Mauritius,Mauritius,pais_excluido,111852371812
31809441324,Botswana Oil Limited,Botswana,pais_excluido,111857546899
31809441363,Continental Reinsurance,Nigeria,pais_excluido,111853452385|111859547033
31809441365,South African Weather Service,South Africa,pais_excluido,111859547026
31809441367,Delta Pharma,Egypt,pais_excluido,
31809442186,Nile Sugar,Egypt,pais_excluido,111851532596
31809442329,MultiChoice Group,South Africa,pais_excluido,111855095668
31809442386,Ithala SOC Limited,South Africa,pais_excluido,
31809442427,UMNOTHO BUSINESS CONSULTING (PTY) LTD,South Africa,pais_excluido,111858070313
31809443335,BPOPF,Botswana,pais_excluido,111858261410
31809443369,Sidian Bank,Kenya,pais_excluido,111834926520
31809443392,Chambre de Commerce et d'Industrie du Burkina Faso (CCI-BF),Burkina Faso,pais_excluido,111853122346
31809443410,SANI SIXT,South Africa,pais_excluido,111857172582
31809443445,Enat Bank,Ethiopia,pais_excluido,111856861747
31809444271,Ecobank Nigeria,Nigeria,pais_excluido,111852258052
31809444432,Peermont Global,South Africa,pais_excluido,111856839248
31809444441,EBANK,Egypt,pais_excluido,111834927784
31809444476,GWK,South Africa,pais_excluido,111856831538
31809444478,Micro Finance Zambia Limited,Zambia,pais_excluido,
31809444480,ProService,Egypt,pais_excluido,111851989119
31809444487,GPT,South Africa,pais_excluido,111852159924
31809444494,National Pipe Company- Concrete Pipes,Egypt,pais_excluido,111852159925
31809444508,CDH Investment Bank Ltd,Malawi,pais_excluido,111851347076
31809444761,TWK Agri,South Africa,pais_excluido,111852258048
31809444930,Tropical General Investments (TGI) Group,Nigeria,pais_excluido,111850735256|111852016692
31809444951,Lilongwe Water Board,Malawi,pais_excluido,111859176341
31809445036,Egyptian Aviation Services E.A.S,Egypt,pais_excluido,
31809446265,BKB Ltd,South Africa,pais_excluido,111857455522
31809446272,Rwanda Energy Group,Rwanda,pais_excluido,111851306908
31809446297,Equity Bank Limited,Kenya,pais_excluido,111856839170
31809446438,,,sin_nombre,
31809446497,Elnefeidi Group,Sudan,pais_excluido,
31809447019,RWK Africa,Kenya,pais_excluido,111858116122
31809447038,Telkom Kenya,Kenya,pais_excluido,111857941314
31809447065,Interswitch Group,Nigeria,pais_excluido,
31809447175,,,sin_nombre,
31809447178,Federal Inland Revenue Service (FIRS),Nigeria,pais_excluido,111858689089
31809447216,!!!!!!!!!!!,South Africa,pais_excluido,111857416232
31809448306,APROSI SN,Senegal,pais_excluido,111851336077
31809449288,,,sin_nombre,
31809451427,Uganda Registration Services Bureau URSB,Uganda,pais_excluido,
31809452194,Western Cape Government,South Africa,pais_excluido,111857941565|111858128213|111858880084|112048121204
31809452195,Televen,Venezuela,pais_excluido,111857414781
31809452197,Discovery Limited,South Africa,pais_excluido,111850498889|111855637052|112057235795
31809453212,,,sin_nombre,
31809454337,Ciheb Kenya,Kenya,pais_excluido,111858816533
31809454343,,,sin_nombre,
31809454439,National Oil Company of Liberia,Liberia,pais_excluido,
31809454441,Orascom Construction PLC,Egypt,pais_excluido,111858808624|112047428149|112047554232|112048108861|112057397562|112068762933
31809455184,Botswana Fibre Networks (BoFiNet),Botswana,pais_excluido,
31809455268,Fast Credit Limited,Nigeria,pais_excluido,111859547027
31809455271,Cimas Health Group,Zimbabwe,pais_excluido,111859547028
31809455272,INNOVX,Morocco,pais_excluido,
31809455367,Mellitah Oil and Gas B.V,Libya,pais_excluido,111852373310|112047540837
31809455372,Khalda Petroleum Company (Apache),Egypt,pais_excluido,111858412654
31809456176,Cairo Leasing Corporation,Egypt,pais_excluido,111851998565
31809457023,ARPT  Autorité de Régulation des Postes et Télécommunications ARPT,Guinea,pais_excluido,111843725749
31809458231,WYZE,Nigeria,pais_excluido,111851318563
31809458237,NATIONAL PETROLEUM AUTHORITY,Ghana,pais_excluido,111857172909
31809458281,"Utilco for Engineering, Contracting & Supplies",Egypt,pais_excluido,111857587590
31809458298,La Internacional De Seguros,Venezuela,pais_excluido,111853452114
31809458301,CRYSTAL VENTURES LIMITED,Rwanda,pais_excluido,111853584303
31809458335,Centro Médico Docente La Trinidad,Venezuela,pais_excluido,111855671068
31809461333,Ethiopian Agricultural Transformation Institute (ATI),Ethiopia,pais_excluido,
31810310181,VanDer Accountancy,South Africa,pais_excluido,
31810310182,RioZim Ltd,Zimbabwe,pais_excluido,111858304795
31810310183,Kenya Petroleum Refinery Ltd,Kenya,pais_excluido,111852028573
31810332217,JAZ Hotel Group,Egypt,pais_excluido,111850498434|111851533878
31810332218,Safaricom PLC,Kenya,pais_excluido,111852036633|111854001920|111858117560|151749259939
31810338656,Lusaka South Multi Facility Economic Zone,Zambia,pais_excluido,111853441930
31810357662,Vodacom,South Africa,pais_excluido,111851370072|112057194533
31810360391,"Tatasteel kzn,Richards bay,kwozinatal,South Africa",South Africa,pais_excluido,111852137292|111857404436|112048121205|117335771666
31810360395,Afrimat,South Africa,pais_excluido,111858241123
31810360687,Printflow (Pvt) Ltd,Zimbabwe,pais_excluido,111859408671
31810361713,October Pharma,Egypt,pais_excluido,111855134993
31810361715,Scaw Metals Group,South Africa,pais_excluido,111850625369
31810361741,Stanbic Bank Botswana,Botswana,pais_excluido,
31810362467,Evergrow for Speciality Fertilizers,Egypt,pais_excluido,111858706002
31810362678,,,sin_nombre,
31810362693,Chapu Chartered Accountants,South Africa,pais_excluido,111850635114
31810362696,Boxer Superstores,South Africa,pais_excluido,111858069339
31810362697,MNB Chartered Accountants,South Africa,pais_excluido,111857577072
31810362729,CAMELOT GHANA PLC,Ghana,pais_excluido,111858817627
31810362739,Stanbic Bank Ghana,Ghana,pais_excluido,
31810363726,INGOT BROKERS,Seychelles,pais_excluido,111834926594
31810363732,Truworths,South Africa,pais_excluido,111858698283
31810363941,Central Bank of Egypt,Egypt,pais_excluido,
31810363979,,,sin_nombre,
31810364005,Watu Credit,Kenya,pais_excluido,
31810364006,Bank of Khartoum,Sudan,pais_excluido,
31810364564,Bank Al-Maghrib,Morocco,pais_excluido,111851295842
31810365548,Banque Misr,Egypt,pais_excluido,111857209203
31810365554,Egypt Kuwait Holding,Egypt,pais_excluido,111858422120|111859196740
31810365618,MiGenTra Egypt,Egypt,pais_excluido,
31810365623,Sanlam Bénin,Benin,pais_excluido,
31810365715,Faisal Islamic Bank of Egypt,Egypt,pais_excluido,111851187879|111857405482|111859176874
31810365811,TVC COMMUNICATIONS,Nigeria,pais_excluido,
31810366769,Mantrac Egypt,Egypt,pais_excluido,111850992266
31810366976,Giza Systems,Egypt,pais_excluido,
31810366979,Empire Trust MFB,Nigeria,pais_excluido,111853101644
31810367062,Letshego,Botswana,pais_excluido,111857587362|111858305172
31810368106,INSUTECH,Egypt,pais_excluido,111852993183
31810369653,Movicel,Angola,pais_excluido,111857402738
31810369656,Co-operative Bank of Kenya,Kenya,pais_excluido,111850704909|111855262294|111857210930
31810369658,PPS Healthcare Administrators (PTY) Ltd (PPSHA),South Africa,pais_excluido,111851167752
31810369838,,,sin_nombre,
31810369853,Energy & Petroleum Regulatory Authority,Kenya,pais_excluido,111858688287
31810369878,NMG Administrators Botswana,Botswana,pais_excluido,111858127729
31810370687,Tanmeyah,Egypt,pais_excluido,111850498896
31810370714,Tunisie Leasing & Factoring,Tunisia,pais_excluido,111857172778
31810370834,Madison General Insurance Company Zambia Limited,Zambia,pais_excluido,111852038300
31810372129,Tanzania Mortgage Refinance Company Limited (TMRC),Tanzania,pais_excluido,111851308922
31810372186,NEM Insurance PLC,Nigeria,pais_excluido,111855115123
31810372192,Vista Group Holding,Guinea,pais_excluido,
31810372199,Heritage Energy Operational Services Limited,Nigeria,pais_excluido,111852383013
31810372207,Serena Hotels,Kenya,pais_excluido,111852373420
31810373258,Tanger Med (Official Account) - TMSA,Morocco,pais_excluido,111858911315
31810373270,Banque du Caire,Egypt,pais_excluido,111855670658|111858108827
31810373289,Federación Venezolana de Fútbol,Venezuela,pais_excluido,
31810373293,Amatola Water,South Africa,pais_excluido,111859567497
31810373736,Kenya Red Cross,Kenya,pais_excluido,111852380674
31810373738,Intercom Enterprises,Egypt,pais_excluido,111857171565
31810373768,,,sin_nombre,
31810373780,Professional Insurance Corporation Zambia Limited,Zambia,pais_excluido,
31810373781,Aleq,Morocco,pais_excluido,111858078987
31810373812,KeyHealth Medical Scheme,South Africa,pais_excluido,
31810373896,Alviva Holdings,South Africa,pais_excluido,111855670817
31810373901,EMPIREKEEWAY,Venezuela,pais_excluido,111859557156
31810373922,Ga-Segonyana Local Municipality,South Africa,pais_excluido,111851338070
31810373925,Teba Bank,South Africa,pais_excluido,
31810374809,IPT,South Africa,pais_excluido,111858264363
31810375581,Tile & Carpet Centre Ltd,Kenya,pais_excluido,
31810375582,The Lux Collective,Mauritius,pais_excluido,111858085778
31810375804,ARMA Group,Egypt,pais_excluido,
31810375819,First Mutual Holdings Limited,Zimbabwe,pais_excluido,111857172323
31810375967,RTMC,South Africa,pais_excluido,111850696486
31810376618,Capitec,South Africa,pais_excluido,111852400999
31810376623,,,sin_nombre,
31810376632,Medical Aid Society of Malawi,Malawi,pais_excluido,111853123231|111858087690
31810376704,Ingenio La Union,South Africa,pais_excluido,111858097559
31810376722,Stanbic Bank Zambia,Zambia,pais_excluido,
31810377639,BDO South Africa,South Africa,pais_excluido,111850674542|111850695571|111851336079|111851742288|111852400998|111857209201|111857413274|111857586709
31810377641,Orascom Hotels Management,Egypt,pais_excluido,
31810377646,Mimosa Mining Company,Zimbabwe,pais_excluido,111850353043
31810377877,,,sin_nombre,
31810378667,Tamweely Microfinance,Egypt,pais_excluido,111857465268
31810379912,Absa Group,South Africa,pais_excluido,111843725893|111850508729|111850697144|111851002448|111851318141|111851504903|111851524019|111851741546|111852260380|111852369686|111856804361|111856831594|111856838215|111857404552|111857585997|111857941929|111858097743|111858129162|111858272611|111858424462
31810380093,Bayport Financial Services,South Africa,pais_excluido,111858273715
31810380177,Easy Lease,Egypt,pais_excluido,111856820058|111857211679
31810380188,Groupe Auto Hall,Morocco,pais_excluido,111858108450
31810380192,Droguería Nena,Venezuela,pais_excluido,111858088610
31810380203,SBI (Mauritius) Ltd,Mauritius,pais_excluido,111858284441
31810380293,Umeme Ltd,Uganda,pais_excluido,
31810380804,Takaful Insurance of Africa Limited,Kenya,pais_excluido,111853112898
31810380805,EGM Securities,Kenya,pais_excluido,111857404936
31810380831,Attijari Assurance,Tunisia,pais_excluido,111851952967
31810383929,Centre Pasteur du Cameroun (CPC),Cameroon,pais_excluido,111851158700
31811352457,ATC Guinée,Guinea,pais_excluido,
31811352646,BIC Seguros,Angola,pais_excluido,112048121202
31814332026,The Construction Co.,South Africa,pais_excluido,112057514260
31815049650,PROMETIM,Angola,pais_excluido,112056236166
31816266861,"CLEAR ANGOLA - INSTALAÇÕES ELECTROMECÂNICAS, S.A.",Angola,pais_excluido,112048353588
31816267047,Plumblink - Proudly Bidvest,South Africa,pais_excluido,112047591433
31816267052,Kudon Engineering Services,South Africa,pais_excluido,112057488228
31816267061,Precomprimido C.A.,Venezuela,pais_excluido,112057307577
31816267124,National Asphalt,South Africa,pais_excluido,112058109861
31816454411,Asphalt Botswana,Botswana,pais_excluido,112052346766
31816612700,Debswana Diamond Company,Botswana,pais_excluido,
31817882636,Metix (SMS Group),South Africa,pais_excluido,112068955029
31818235512,TotalEnergies EP Nigeria CPFA Ltd,Nigeria,pais_excluido,112047431938
31818236315,,,sin_nombre,
31819203229,BDM Engenharia e Tecnologia Lda.,Angola,pais_excluido,112045915155|112057376357
31819203230,Stimela Infrastructure Management Services (PTY) LTD,South Africa,pais_excluido,112047171589
31819203376,EGYPTAIR MAINTENANCE AND ENGINEERING,Egypt,pais_excluido,
31819421007,"Ministry of Communications and Information Technology (MCIT), Egypt",Egypt,pais_excluido,112057900099
31819422055,Abbeydale Cape,South Africa,pais_excluido,112047969145
31819437687,Khoemacau Copper Mining,Botswana,pais_excluido,112057362733
31819440411,KRS Fire (Pty) Ltd,South Africa,pais_excluido,112047565947
31819442220,Solvocore,South Africa,pais_excluido,111969501761
31819443542,Raubex Group Ltd,South Africa,pais_excluido,112047287980|112057269689
31819443638,ELNG,Egypt,pais_excluido,112048252082
31819443854,Provincial de Reaseguros,Venezuela,pais_excluido,112052689003
31819447457,Reutech Solutions,South Africa,pais_excluido,
31819449932,SETRAM,Algeria,pais_excluido,
31819449953,Shotcrete Africa SCP,South Africa,pais_excluido,
31819449956,Petco Producer Responsibility Organisation NPC,South Africa,pais_excluido,112048376668
31819450664,Tanmia Petroleum Company,Egypt,pais_excluido,112056223355
31819450666,Petroleum Air Services,Egypt,pais_excluido,112052313529
31819451960,,,sin_nombre,112057487265
31819452804,Beapo,South Africa,pais_excluido,112056837251
31819452992,,,sin_nombre,
31819453291,Vulcan,Mozambique,pais_excluido,
31819611017,Gap Infrastructure Corporation - GIC,South Africa,pais_excluido,112047829817|112057446214
31819612429,ACTOM (Pty) Ltd,South Africa,pais_excluido,112048105728
31819612443,CBAGroup,South Africa,pais_excluido,112057213551
31819614092,Kazang,South Africa,pais_excluido,
31819614097,Kenya Medical Supplies Authority,Kenya,pais_excluido,
31819614623,United Nations Office at Nairobi,Kenya,pais_excluido,
31819615017,CORPOELEC,Venezuela,pais_excluido,
31819615396,The United Basalt Products Ltd.,Mauritius,pais_excluido,112056525745
31819615400,Inala Mining,South Africa,pais_excluido,112020038787|112020039746
31819615653,Oilserv Limited,Nigeria,pais_excluido,112057420170
31819616040,Prospero,Zambia,pais_excluido,112068645770
31819619423,Banco Exterior,Venezuela,pais_excluido,112048387867
31819619424,Gibela Rail Transport Consortium,South Africa,pais_excluido,112048263345
31819620702,Royal Air Maroc,Morocco,pais_excluido,112052315502
31819620782,Nemchem International (Kenya) Limited,Kenya,pais_excluido,
31819779109,Corporación Digitel,Venezuela,pais_excluido,112058717972
31819781454,,,sin_nombre,
31819784844,,,sin_nombre,
31819787862,Maridive Offshore Projects,Egypt,pais_excluido,
31819788856,Amni International Petroleum Development Company Limited,Nigeria,pais_excluido,112057213327
31819947353,Egyptian Natural Gas Holding Company (EGAS),Egypt,pais_excluido,112006744646
31819949852,"PDVSA Servicios Petroleros, S.A.",Venezuela,pais_excluido,
31819950991,Z Aviation Services ZAS,Egypt,pais_excluido,112057197406
31819952767,LeadEPC,South Africa,pais_excluido,112047287860
31820107624,Litson & Associates,South Africa,pais_excluido,
31820112683,Dangote Industries Limited,Nigeria,pais_excluido,
31820124967,DeepTech,Egypt,pais_excluido,112068990379
31820955223,,,sin_nombre,
31820961539,Specifire,South Africa,pais_excluido,
31820961839,MADKOUR,Egypt,pais_excluido,112047841086
31821120905,Thermal Rising (Pty) Ltd,South Africa,pais_excluido,112020039172
31821121953,,,sin_nombre,
31821278367,Mega Pile,South Africa,pais_excluido,112048098132
31821278758,Egyptian Petrochemicals Holding Company: ECHEM,Egypt,pais_excluido,112047432338
31821278762,LSL Consulting,South Africa,pais_excluido,112057330692
31821278764,Telkom,South Africa,pais_excluido,112057330690
31821278801,Auditor-General of South Africa,South Africa,pais_excluido,112047673942
31821434425,Income - International Company for Petroleum & Industrial Services,Egypt,pais_excluido,112057455236
31821434513,Danoher,South Africa,pais_excluido,
31821457848,Kenya Ports Authority,Kenya,pais_excluido,112057418646
31821465347,Kharafi National,Egypt,pais_excluido,112047819052|112057214501
31821466374,PW Mining International Ltd,Ghana,pais_excluido,112060162658
31821469816,University of the Western Cape,South Africa,pais_excluido,112046254344
31821469818,Cargo Carriers Pty Ltd,South Africa,pais_excluido,111993446449
31821470348,Bombela Operating Company (PTY) LTD,South Africa,pais_excluido,
31821472369,Formacon Pty Ltd,South Africa,pais_excluido,112056827052
31821627992,Tara Healthcare,South Africa,pais_excluido,112057247025
31821629442,SETER,Senegal,pais_excluido,112048133647
31821630755,M.A.SILVA Construções e Manutenções Metalomecânicas Lda.,Angola,pais_excluido,
31821631336,Rashpetco (Shell-JV),Egypt,pais_excluido,112047542795
31821632843,,,sin_nombre,
31821632844,Hyde Park Developments,Egypt,pais_excluido,
31821791355,"Empresa de Construcción San Antonio, C.A. (ECSA)",Venezuela,pais_excluido,112048621482
31821793631,Orange Egypt,Egypt,pais_excluido,
31821795651,Nelson Mandela Bay Municipality,South Africa,pais_excluido,
31821796260,United Nations Economic Commission for Africa,Ethiopia,pais_excluido,
31821797160,Namibia Construction,Namibia,pais_excluido,
31821950770,KAMA Manufacturing S.A.E,Egypt,pais_excluido,112052824380
31821950773,The Egyptian Ethylene & Derivatives Company - ETHYDCO,Egypt,pais_excluido,112058333873
31821955631,Adapt IT Holdings Proprietary Limited,South Africa,pais_excluido,112006743969
31821955708,Otraco Southern Africa (PTY) Ltd.,South Africa,pais_excluido,112058346304
31821956990,Sphinx Glass SAE,Egypt,pais_excluido,112056794192
31822268267,Marsa Baghush,Egypt,pais_excluido,112059135342
31822270756,EGL- 𝐄𝐠𝐲𝐩𝐭𝐢𝐚𝐧 𝐆𝐥𝐨𝐛𝐚𝐥 𝐋𝐨𝐠𝐢𝐬𝐭𝐢𝐜𝐬 𝐒.𝐀.𝐄,Egypt,pais_excluido,112047866914
31822276240,Sizampilo Projects (Pty) Ltd,South Africa,pais_excluido,112068967317
31822277202,HydroDive Group,Nigeria,pais_excluido,111993451168
31822279578,,,sin_nombre,
31846084908,A&E,Libya,pais_excluido,
31861130648,MIHLALI BELTING AND MINING SERVICES (PTY) LTD,South Africa,pais_excluido,
31864893060,,,sin_nombre,
31899654951,OBRAS CIVILES,Venezuela,pais_excluido,
31900426808,Colina Verde,Mozambique,pais_excluido,112707503920
31901703446,Tandem SA,South Africa,pais_excluido,112715182641
31902011740,Fraser Alexander,South Africa,pais_excluido,112709668721|112715407688
31904176468,"ROCIADORES INDUSTRIALES RICA, C.A.",Venezuela,pais_excluido,
31906252196,HIDROFALCON,Venezuela,pais_excluido,
31909819552,Ingelec,Morocco,pais_excluido,
31910062852,,,sin_nombre,
31911424883,Foodline,Rwanda,pais_excluido,
32386477572,AC Security,South Africa,pais_excluido,
32386787952,Oxfam International,Kenya,pais_excluido,116117566258
32394293658,INGELEC,Morocco,pais_excluido,116134692374
32395995253,CCN,South Africa,pais_excluido,
32396922393,CASA,South Africa,pais_excluido,
32401206879,OTEC,South Africa,pais_excluido,
32614023498,TERRA,Kenya,pais_excluido,
32626305417,Brands for Africa,South Africa,pais_excluido,
32798166636,,,sin_nombre,
32892596766,,,sin_nombre,207761042759|211751269503|213924861962
33104914819,"Central El Palmar, S.A.",Venezuela,pais_excluido,119933815831
33105534468,,,sin_nombre,
33112075890,,,sin_nombre,
33121397393,Mori International,Egypt,pais_excluido,
33127671636,conviasa,Venezuela,pais_excluido,119933816174
33128134287,,,sin_nombre,119902110501
33659993921,,,sin_nombre,122827087436
34097444362,Bluebell Pharmaceuticals,Egypt,pais_excluido,
34109067193,New Business Development,Cameroon,pais_excluido,
34109424159,,,sin_nombre,
34401269534,,,sin_nombre,
34983545123,,,sin_nombre,128837604886
34992250986,,,sin_nombre,128819577169
34998137884,,,sin_nombre,128983404566
35131126932,,,sin_nombre,129791763878
35343904624,,,sin_nombre,
35362977925,,,sin_nombre,131868047634
35375123976,,,sin_nombre,131860694611
35375861423,,,sin_nombre,131860376351
35453564053,SOPCO,Egypt,pais_excluido,
35455167918,,,sin_nombre,
35483194397,Uganda Electricity Distribution Company Limited (UEDCL),Uganda,pais_excluido,
35492728971,Tender Mac (Pty) Ltd,South Africa,pais_excluido,
35502055327,Great Foods,Egypt,pais_excluido,
35505727362,dfcu Bank,Uganda,pais_excluido,
35505727364,BevCo,South Africa,pais_excluido,
35505727368,Compagnie de Transports au Maroc (CTM),Morocco,pais_excluido,
35520561668,Farmatodo,Venezuela,pais_excluido,
35526981177,Road Accident Fund,South Africa,pais_excluido,
35528693834,SA Five Engineering (Pty) Ltd,South Africa,pais_excluido,
35528693835,Wafacash Tunisie,Tunisia,pais_excluido,
35530090292,KPMM ROADS AND EARTHWORKS,South Africa,pais_excluido,
35531699818,Office of the Valuer-General,South Africa,pais_excluido,
35531699832,Sparkle Nigeria,Nigeria,pais_excluido,133231342176
35531889193,ExportaMoz Solutions,Mozambique,pais_excluido,
35532200241,MPVR Cloud Accountants,South Africa,pais_excluido,
35533711484,NPF MICROFINANCE BANK PLC,Nigeria,pais_excluido,
35533711488,Redcon Spain,Egypt,pais_excluido,
35533711517,Government of Abia State,Nigeria,pais_excluido,
35535305582,,,sin_nombre,
35572588839,,,sin_nombre,212806768919
35575139429,,,sin_nombre,
35580528425,,,sin_nombre,
35582635919,,,sin_nombre,
35584219168,,,sin_nombre,
35584236171,,,sin_nombre,
35584251286,,,sin_nombre,
35584714667,,,sin_nombre,
35617927252,Alcaldía de Girardot.- Edo. Aragua,Venezuela,pais_excluido,133931909299
35618427154,,,sin_nombre,
35719853121,,,sin_nombre,
35853306549,,,sin_nombre,
35876262766,,,sin_nombre,135964127640
35909595208,,,sin_nombre,
35956932505,,,sin_nombre,
35971162159,,,sin_nombre,
35989160560,,,sin_nombre,136639165083|144265819974
36031505024,,,sin_nombre,136810118912
36316081752,,,sin_nombre,
36618964512,,,sin_nombre,140346726278|140346726279
36625941613,,,sin_nombre,
36651705948,,,sin_nombre,209882430464
36652170858,Distribuidora Nube Azul / Prolicor,Venezuela,pais_excluido,140558535578
36660111484,,,sin_nombre,
36664995334,,,sin_nombre,
36768413878,Real Estate Services,South Africa,pais_excluido,
36769032219,,,sin_nombre,
36771086427,"Internal Audit, Risk & Compliance Jobs - Kenya",Kenya,pais_excluido,
36776259510,Al Manar Group,Egypt,pais_excluido,
36779173015,Orient Takaful Insurance Egypt - An Alfuttaim Group Company,Egypt,pais_excluido,
36796037552,,,sin_nombre,
36796718221,Grupo San Simón,Venezuela,pais_excluido,141407944037
36799347117,,,sin_nombre,
36799347123,,,sin_nombre,141408851491
36821216921,R.A.W Projects,South Africa,pais_excluido,
36979772495,,,sin_nombre,142374966094
37014170942,,,sin_nombre,142814577718
37041781775,,,sin_nombre,
37057042352,,,sin_nombre,142739200857
37310605745,,,sin_nombre,
37409640262,,,sin_nombre,
37888316998,,,sin_nombre,
38251585683,CIBA,Benin,pais_excluido,148196939086
38361489335,,,sin_nombre,
38401012900,,,sin_nombre,
38431057445,,,sin_nombre,149275840898
38511161927,,,sin_nombre,149549134598
38954187174,Botswana Examinations Council,Botswana,pais_excluido,
38960435005,Instructor,Egypt,pais_excluido,
38967881737,BBQHouse,Egypt,pais_excluido,
38967881740,Grupo Sife,Venezuela,pais_excluido,
38967929211,,,sin_nombre,
38969742263,SANRAL,South Africa,pais_excluido,
38974890082,Toptech Engineering Limited,Nigeria,pais_excluido,151749139100
38991908973,Universidad Tecnológica del Centro (UNITEC) VE,Venezuela,pais_excluido,
38995665813,LabelVie,Morocco,pais_excluido,
38995719830,,,sin_nombre,
39004538660,Samco-National Construction Company,Egypt,pais_excluido,
39136790040,,,sin_nombre,
39138940341,Multotec,South Africa,pais_excluido,
40059748890,,,sin_nombre,157983926791|158121544471
40256289689,,United States,sin_nombre,158561903222|158561903223|158561903224|205338772881|205338772882|206517875806|206999186278|207007198129
40329363485,WAMFERT Group,Egypt,pais_excluido,
40333078319,SWAN Mauritius,Mauritius,pais_excluido,
40341412489,Nish Auto Ltd,Uganda,pais_excluido,
40341412503,Excellence,Morocco,pais_excluido,
40349937209,Vendedor,Egypt,pais_excluido,
40419951452,,,sin_nombre,159061318025
40514640195,,,sin_nombre,158893067330|158893067331
40767935552,,,sin_nombre,
40987734890,,,sin_nombre,
41081386790,,,sin_nombre,161824517201
41192154534,,,sin_nombre,162386950222
41199882584,,,sin_nombre,162378173965
41424697154,,,sin_nombre,
41429117782,,,sin_nombre,
41782037263,,,sin_nombre,
41782346803,,,sin_nombre,
41815157524,,Dominican Republic,sin_nombre,
42186111243,,,sin_nombre,
42554397614,,,sin_nombre,167228028477
42609579808,,,sin_nombre,167160013850|169861049600|169861049601|171056767336|186411435344
42616429168,Nutrição,Angola,pais_excluido,
42616429173,Renewable Energy,Ghana,pais_excluido,
42696295462,LiquidCapital,South Africa,pais_excluido,
42706168737,Boltgas,Zimbabwe,pais_excluido,
42706787587,Med Care,Egypt,pais_excluido,
42711741991,Zutari,South Africa,pais_excluido,
42718091111,FINCA Microfinance Bank Tanzania,Tanzania,pais_excluido,
42721490848,Full Stack,South Africa,pais_excluido,
42722265704,Northern corridor,Kenya,pais_excluido,
42722265707,Shady Pack Pharmaceutical & Food Packing,Egypt,pais_excluido,
42796399460,Creat.ing,Ghana,pais_excluido,
42834850096,,,sin_nombre,168506530124
43051592837,,,sin_nombre,
43091055456,,,sin_nombre,169148854331
43496272741,,,sin_nombre,170892783252
44373383581,,,sin_nombre,173861387608
45249696161,,,sin_nombre,177472093308
45741214382,,,sin_nombre,178882796371
45810135695,,,sin_nombre,179054493984
45876467751,,,sin_nombre,179494068905
45886174984,Limitless Care,Egypt,pais_excluido,
45903603224,Suez Canal Bank,Egypt,pais_excluido,
45903603239,Nkumba University,Uganda,pais_excluido,
45910830632,FirstBank DRC,Democratic Republic of the Congo,pais_excluido,
46002058389,FREELANCE,Egypt,pais_excluido,
46011152764,Techmin,South Africa,pais_excluido,
46021240405,Orange Bank Africa Sénégal,Ivory Coast,pais_excluido,
46050058634,Eagle Project Management Consultants,South Africa,pais_excluido,
47077064883,,,sin_nombre,184457224872
47333184515,,,sin_nombre,
47334683501,,,sin_nombre,185567731085
47457566356,,,sin_nombre,186059003160
47672109361,minlo,Egypt,pais_excluido,
47675707471,,,sin_nombre,186411788134
47836031242,Celtiis Bénin,Benin,pais_excluido,
47836031244,La Marocaine Des Jeux et des Sports,Morocco,pais_excluido,
47883715597,ELECTRO INDUSTRY,Algeria,pais_excluido,
47962088585,Trencon Construction,South Africa,pais_excluido,
47973755828,Climate Resilience for All,South Africa,pais_excluido,
47973759653,Pearl Bank Uganda,Uganda,pais_excluido,
48101809229,,,sin_nombre,187941002399
48103274629,,,sin_nombre,188923948868|210111139766|210111608863|210111608864|210111608865|210111608866
48328862296,,,sin_nombre,191121801755
48452897048,,,sin_nombre,191113332102
48567758419,,,sin_nombre,190955183137
48888105344,,,sin_nombre,192370051960
48920808470,,,sin_nombre,192374808441
49361911885,,,sin_nombre,194319226541
49486480767,,,sin_nombre,195082330931
49564197195,معامل حساب Hassab labs,Egypt,pais_excluido,
49566210213,Ecobank Zambia,Zambia,pais_excluido,
49572057480,Dangote Cement Plc,Nigeria,pais_excluido,
49582115638,I&M Bank (Rwanda) Plc,Rwanda,pais_excluido,
49582115650,BONAKUDE,South Africa,pais_excluido,
49584125780,E’lique Advisory | Strategy & Growth for SMEs,South Africa,pais_excluido,
49586450524,Port Autonome de Conakry,Guinea,pais_excluido,
49601526797,,,sin_nombre,
49601837352,Al Marasem Group,Egypt,pais_excluido,
49653917830,ER Hospitality,Mauritius,pais_excluido,
49653917831,Al Ahly Tamkeen for Microfinance,Egypt,pais_excluido,
50330712635,,,sin_nombre,198727939428|198727939429
50395010440,,,sin_nombre,198715610540
50402441642,,,sin_nombre,
50461880247,,,sin_nombre,198296521090
50519116122,,,sin_nombre,198695360174
50950904925,,,sin_nombre,200660322188
50965324859,,,sin_nombre,200746515768
51120359850,,,sin_nombre,202046058318
51124610147,,,sin_nombre,201564908831
51216647844,,,sin_nombre,201543925646
51341105935,,,sin_nombre,203004736829
51357229442,,,sin_nombre,202247532389
51678481079,,,sin_nombre,203679183530
51970984830,,,sin_nombre,213230493619|213248867348
51983509945,,,sin_nombre,205054829963
52027435051,,,sin_nombre,
52400070927,,United States,sin_nombre,206549633150|211056852238
52404223649,,,sin_nombre,
52421931402,,,sin_nombre,
52552782101,,,sin_nombre,
52556474988,,,sin_nombre,
52574183314,,,sin_nombre,207099147693
52745045546,,,sin_nombre,208046218135
52828691313,,,sin_nombre,208087948152
52833051480,,,sin_nombre,208307588896
52870026048,,,sin_nombre,208339809446
52876536363,,,sin_nombre,208589126240
53017071730,,,sin_nombre,209862989584
53412325811,,,sin_nombre,
53606926392,,,sin_nombre,213238673449|213238673450
53709733470,,,sin_nombre,213556454993
53710507285,,,sin_nombre,213567681706
53728633617,,,sin_nombre,213940277066
