rut,company_name,score,vertical,tamaño,holding,trabajadores,regulacion,proveedores,segmento,señal,pain_point,reasoning,giro,tramo,region,error
92288000-K,DROGUERIA HOFMANN LIMITADA Y COMPANIA SOCIEDAD EN COMANDITA POR ACCIONES,45,Manufactura Retail,20,0,5,0,15,5,0,Gestión de debida diligencia en cadena de suministro de productos científicos y quirúrgicos con requisitos de calidad y trazabilidad regulatoria,"Se clasifica como Manufactura Retail porque Droguería Hofmann es distribuidor mayorista de instrumentos científicos y quirúrgicos (mix de manufactura y retail B2B). Con 267 trabajadores es gran empresa (20 pts). No hay regulación sectorial específica (CMF, Sernageomin, SEC, CNE no aplican). Estima 50-200 proveedores típicos para distribuidor de instrumentos especializados (15 pts). Sin señal externa reportada (0 pts). El principal pain_point es la evaluación de proveedores dado que comercializa productos de alto riesgo sanitario.",VENTA AL POR MAYOR DE INSTRUMENTOS CIENTIFICOS Y QUIRURGICOS,12,RENCA,
96881170-3,INGENIERIA ASES EN COMPUTAC Y COMUNIC NEOSECURE S A,40,Otro,20,0,5,0,15,0,0,Gestión y evaluación de riesgos en la cadena de suministro de proveedores de tecnología y servicios de comunicación,"La empresa se clasifica en 'Otro' porque su giro es 'Venta al por mayor no especializada' con énfasis en ingeniería, computación y comunicaciones (Neosecure), no encajando en los verticales definidos. No hay evidencia de regulación específica por CMF, Sernageomin, SEC o CNE (0 puntos). Con 330 trabajadores y siendo gran empresa distribuidora B2B, probablemente maneja entre 50-200 proveedores de tecnología, telecomunicaciones y servicios complementarios (15 puntos). No hay señal externa proporcionada (0 puntos). Como distribuidor mayorista tecnológico con múltiples proveedores, el pain point es la evaluación y monitoreo continuo de riesgos de compliance en su cadena de suministro.",VENTA AL POR MAYOR NO ESPECIALIZADA,13,PROVIDENCIA,
76364227-5,IM2 SOLAR CHILE SPA,70,Mining/Energía,20,0,5,15,25,5,0,"Gestión y evaluación de riesgo de proveedores en cadena de suministro de energía solar, cumplimiento normativo de CNE y debida diligencia de múltiples contratistas.","IM2 Solar Chile es una empresa de servicios en el sector solar/energías renovables. Se clasifica en Mining/Energía por su giro directo en energía solar. Como empresa de 270 trabajadores en sector energético, probablemente está regulada por CNE (Comisión Nacional de Energía) en Chile, otorgando 15 puntos. Por su tamaño y naturaleza como empresa de servicios energéticos, estimamos >200 proveedores (25 puntos): equipos solares, componentes eléctricos, contratistas, logística. Sin señal externa reportada = 0 puntos. El pain_point identifica la necesidad crítica de evaluar proveedores en cadena de suministro energética con cumplimiento normativo.",OTRAS ACTIVIDADES DE SERVICIOS DE APOYO A LAS EMPRESAS N.C.P.,12,VITACURA,
76597810-6,MINERIA Y MEDIO AMBIENTE SPA,58,Mining/Energía,20,0,3,15,15,5,0,"Gestión y evaluación de riesgos de proveedores y contratistas en operaciones mineras, cumplimiento de normativas ambientales y de seguridad","La empresa se clasifica en Mining/Energía debido a su nombre explícito 'MINERIA Y MEDIO AMBIENTE' combinado con su giro en servicios de ingeniería y consultoría técnica, indicando especialización en el sector minero. Regulación: 15 puntos porque empresas de servicios mineros están típicamente reguladas por Sernageomin y deben cumplir normativas ambientales y de seguridad. Proveedores: 15 puntos (50-200) estimado por ser una gran empresa de 97 trabajadores en consultoría de ingeniería que requiere múltiples proveedores especializados pero no masivo como operadora minera. Señal: 0 puntos porque no se proporciona información de eventos relevantes (N/A). Como empresa minera, sus mayores dolores incluyen debida diligencia de proveedores, cumplimiento regulatorio ambiental y evaluación de riesgos operacionales.",EMPRESAS DE SERVICIOS DE INGENIERIA Y ACTIVIDADES CONEXAS DE CONSULTORIA TECNICA,10,PROVIDENCIA,
77760300-0,FIGUEROA Y DIAZ INGENIEROS ASOCIADOS S.A,40,Otro,20,0,5,0,15,0,0,"Gestión y evaluación de riesgos de proveedores especializados en I+D y servicios de ingeniería, incluyendo cumplimiento normativo y debida diligencia de partners técnicos.","La empresa es una consultora de ingeniería e I+D sin clasificación en verticales principales. No está bajo regulación específica de CMF, Sernageomin, SEC o CNE. Por su tamaño (225 empleados = gran empresa) y naturaleza de servicios profesionales de ingeniería, probablemente maneja entre 50-200 proveedores especializados (consultores, subcontratistas técnicos, proveedores de insumos científicos). Sin señal externa reportada. Como empresa de servicios técnicos complejos, requiere debida diligencia rigurosa de sus proveedores y colaboradores para mitigar riesgos operacionales.",INVESTIGACIONES Y DESARROLLO EXPERIMENTAL EN EL CAMPO DE LAS CIENCIAS NATURALES Y LA INGENIERIA,11,PROVIDENCIA,
99516650-K,INMOBILIARIA ELQUI S A,35,Otro,20,0,0,0,15,0,0,"Evaluación y gestión de riesgos de proveedores inmobiliarios (constructoras, inmobiliarias, corredores) y validación de antecedentes de clientes/compradores para cumplimiento normativo.","La empresa es una inmobiliaria dedicada a compra, venta y alquiler de inmuebles. Se clasifica en 'Otro' ya que no corresponde a los verticales predefinidos (no es financiero, mining/energía, utilities o manufactura retail). Regulación: 0 puntos porque las inmobiliarias no están bajo supervisión de CMF, Sernageomin, SEC o CNE en Chile. Proveedores: 15 puntos (50-200) estimando que una inmobiliaria de 27 trabajadores maneja múltiples proveedores de servicios inmobiliarios, constructores, corredores, abogados, pero no alcanza los 200. Señal: 0 puntos porque no hay señal externa reportada. El pain point refleja que Plutto puede ayudar a validar proveedores del sector inmobiliario y evaluar riesgos de clientes compradores/arrendatarios.","COMPRA, VENTA Y ALQUILER (EXCEPTO AMOBLADOS) DE INMUEBLES",11,LA SERENA,
76473364-9,CONSTRUCTORA ELISUR  SPA,50,Otro,20,0,5,0,25,0,0,Gestión y evaluación de riesgos en cadena de suministro de proveedores de materiales y servicios de construcción,"La empresa es una constructora residencial de gran tamaño (432 trabajadores) que no califica en verticales regulados como Financiero, Mining/Energía, Utilities o Manufactura Retail. Se clasifica en 'Otro'. No está regulada por CMF, Sernageomin, SEC o CNE (0 puntos regulación). Por ser gran constructora con múltiples proyectos simultáneos, típicamente maneja >200 proveedores (materiales, subcontratistas, servicios) lo que justifica 25 puntos en proveedores. Sin señal externa reportada (N/A = 0 puntos). El pain_point refleja la necesidad crítica en construcción de validar proveedores y detectar riesgos en una cadena compleja.",CONSTRUCCION DE EDIFICIOS PARA USO RESIDENCIAL,11,PITRUFQUEN,
96670340-7,BATA CHILE  S.A.,48,Manufactura Retail,20,0,8,0,15,5,0,"Gestión y evaluación de riesgos en cadena de proveedores de calzado y materias primas, considerando complejidad de supply chain internacional y cumplimiento normativo en importaciones.","Bata Chile es una empresa retail especializada en venta de calzado con 681 trabajadores (gran empresa). Se clasifica en 'Manufactura Retail' por ser operación de retail con potencial manufacturing. No está regulada por CMF, Sernageomin, SEC o CNE (su regulación es laboral/tributaria estándar = 0 puntos). Como empresa retail de calzado de tamaño considerable, probablemente gestiona entre 50-200 proveedores (proveedores de calzado, materias primas, accesorios, servicios logísticos) = 15 puntos. No hay señal externa reportada (N/A = 0 puntos). El pain point principal es la debida diligencia en proveedores dado el volumen y complejidad de su cadena de suministro.",VENTA AL POR MENOR DE CALZADO EN COMERCIOS ESPECIALIZADOS,13,MAIPU,
76418976-0,AGUAS DE ANTOFAGASTA S.A.,73,Utilities/Infraestructura,20,0,8,15,25,5,0,Gestión de riesgos en cadena de proveedores críticos de servicios esenciales y cumplimiento normativo de regulador sectorial,"La empresa es clasificada en Utilities/Infraestructura por su giro de captación, tratamiento y distribución de agua, servicio esencial de infraestructura. Recibe 15 puntos en regulación porque las empresas sanitarias en Chile están reguladas por la Superintendencia de Servicios Sanitarios (SISS), organismo que supervisa tarifas, calidad y operación. Recibe 25 puntos en proveedores porque una empresa de 649 trabajadores en servicios de agua requiere una cadena compleja de proveedores (químicos, equipos, infraestructura, mantenimiento, logística) estimada en más de 200. Sin señal externa reportada, obtiene 0 puntos. Como empresa crítica de servicios básicos con alta regulación y complejidad operativa, Plutto resolvería el desafío de due diligence y evaluación de riesgos en sus múltiples proveedores.","CAPTACION, TRATAMIENTO Y DISTRIBUCION DE AGUA",13,ANTOFAGASTA,
76033862-1,SISTEMAS HIDRAULICOS E INDUSTRIALES BALFLEX CHILE SPA,43,Manufactura Retail,20,0,3,0,15,5,0,Gestión y evaluación de proveedores de componentes hidráulicos e industriales para asegurar calidad y cumplimiento normativo en reparaciones,"La empresa se dedica a reparación de equipos de transporte e industriales (giro específico de sistemas hidráulicos), lo que la clasifica en Manufactura Retail como empresa industrial/manufacturera. Con 51 trabajadores (gran empresa) y operaciones de reparación, probablemente maneja entre 50-200 proveedores de componentes y servicios especializados (15 puntos). No hay regulación específica aplicable (CMF, Sernageomin, SEC, CNE no regulan este tipo de empresas de reparación industrial). Sin señal externa registrada (N/A = 0 puntos). El pain point principal es la evaluación de proveedores de componentes críticos para garantizar calidad en reparaciones.","REPARACION DE OTROS EQUIPOS DE TRANSPORTE N.C.P., EXCEPTO VEHICULOS AUTOMOTORES",10,MAIPU,
94636000-7,GALILEA S A DE INGENIERIA Y CONSTRUCCION,60,Utilities/Infraestructura,20,0,5,15,15,5,0,Gestión de riesgo en la cadena de proveedores de construcción e inmuebles; cumplimiento normativo en transacciones inmobiliarias y evaluación de contratistas.,"La empresa GALILEA S.A. de Ingeniería y Construcción, a pesar de tener clasificado un giro de 'compra, venta y alquiler de inmuebles', es fundamentalmente una empresa de construcción e ingeniería (según razón social). Se clasifica en Utilities/Infraestructura por su actividad principal de construcción e ingeniería. Regulación: obtiene 15 puntos porque el sector inmobiliario y construcción está regulado por normativas municipales, permisos de edificación y potencialmente por SEC en transacciones significativas. Proveedores: obtiene 15 puntos (50-200) estimando que una gran empresa de construcción con 225 trabajadores típicamente maneja múltiples proveedores de materiales, subcontratistas y servicios. Señal externa: 0 puntos por N/A (no proporcionada).","COMPRA, VENTA Y ALQUILER (EXCEPTO AMOBLADOS) DE INMUEBLES",13,TALCA,
76103571-1,EATON INDUSTRIES (CHILE) SPA,65,Otro,20,0,5,15,25,0,0,Gestión y evaluación de proveedores críticos en cadena de suministro de componentes electromecánicos de alto riesgo regulatorio,"Eaton Industries es fabricante de equipos eléctricos y de distribución, clasificada como Manufacturing. Opera en sector regulado (CNE por equipos de distribución eléctrica y potencialmente SEC por equipos de control). Con 437 trabajadores es gran empresa (20 puntos base). Como manufacturer de equipos críticos para infraestructura eléctrica, típicamente maneja >200 proveedores de componentes, materias primas y servicios especializados (25 puntos). No hay señal externa reportada (0 puntos). Pain point relevante: necesidad crítica de KYB sobre proveedores en industria regulada y de cadena compleja.","FABRICACION DE MOTORES, GENERADORES Y TRANSFORMADORES ELECTRICOS, APARATOS DE DISTRIBUCION Y CONTROL",13,LAMPA,
96825130-9,FERROVIAL CONSTRUCCION CHILE S A,75,Utilities/Infraestructura,20,0,10,15,25,5,0,"Gestión y evaluación de riesgos en una cadena de suministro compleja de construcción con cientos de proveedores, subcontratistas y colaboradores distribuidos geográficamente.","Ferrovial Construcción Chile opera en construcción de carreteras e infraestructura ferroviaria, clasificándose en Utilities/Infraestructura. Como empresa constructora de gran escala (1.698 trabajadores, gran empresa) en proyectos de infraestructura pública/privada, está regulada por entidades como MOP, Sernageomin y potencialmente CNE según proyectos (15 puntos regulación). Por su tamaño y naturaleza de construcción, maneja típicamente >200 proveedores especializados en materiales, equipos y servicios (25 puntos proveedores). Sin señal externa reportada (0 puntos señal). El pain_point se enfoca en su necesidad crítica de due diligence en proveedores dado el riesgo regulatorio y complejidad operacional.",CONSTRUCCION DE CARRETERAS Y LINEAS DE FERROCARRIL,13,LAS CONDES,
76283675-0,UNIBAG SPA.,43,Manufactura Retail,20,0,3,0,15,5,0,Gestión y evaluación de riesgos en cadena de proveedores de materias primas textiles y componentes de manufactura,"UNIBAG SPA se clasifica en 'Manufactura Retail' dado su giro de fabricación de productos textiles. Como empresa manufacturera de 79 trabajadores (gran empresa), típicamente requiere entre 50-200 proveedores de materias primas, insumos y servicios logísticos, asignando 15 puntos. No presenta señal regulatoria o externa (N/A), por lo que suma 0 puntos. La industria textil en Chile no está bajo regulación específica de CMF, Sernageomin, SEC o CNE, sumando 0 puntos en regulación. El principal dolor sería la debida diligencia de proveedores de materias primas y componentes textiles para mitigar riesgos de cadena de suministro.",FABRICACION DE OTROS PRODUCTOS TEXTILES N.C.P.,11,COLINA,
95980000-6,FORESTAL O HIGGINS S A,55,Mining/Energía,20,0,0,15,15,5,0,"Gestionar la conformidad regulatoria forestal y ambiental, evaluar la debida diligencia de proveedores de servicios forestales y colaboradores, y mitigar riesgos de sostenibilidad y cumplimiento normativo.","La empresa FORESTAL O HIGGINS S.A. opera en extracción de madera, sector claramente vinculado a recursos naturales y energía. Está regulada por Sernageomin y normativas ambientales forestales (CONAF, Superintendencia de Medio Ambiente). Con 49 trabajadores (gran empresa) y operaciones forestales, probablemente maneja entre 50-200 proveedores (contratistas, transportistas, servicios especializados). Sin señal externa documentada (N/A).",EXTRACCION DE MADERA,13,LAS CONDES,
76536499-K,JUNGHEINRICH RENTALIFT SPA,38,Otro,20,0,3,0,15,0,0,"Gestión y evaluación de riesgos de proveedores de equipos y maquinaria, especialmente en cadenas de suministro complejas de alquiler industrial","JUNGHEINRICH RENTALIFT es una empresa de alquiler de maquinaria y equipos sin operario, clasificada como 'Otro' por no encajar en verticales específicos (no es financiera, minería/energía, utilities, ni manufactura retail tradicional). No está regulada por CMF, Sernageomin, SEC o CNE (0 puntos regulación). Con 179 trabajadores (gran empresa) y modelo de negocio de alquiler, probablemente maneja entre 50-200 proveedores de equipos, repuestos, mantenimiento y logística (15 puntos proveedores). Sin señal externa reportada (0 puntos señal). El pain point principal es evaluar la solvencia y riesgos de sus proveedores críticos de maquinaria e insumos.",ALQUILER DE OTROS TIPOS DE MAQUINARIAS Y EQUIPOS SIN OPERARIO N.C.P.,13,PUDAHUEL,
99577330-9,TRANSDEV CHILE S.A.,50,Utilities/Infraestructura,12,0,3,15,15,5,0,Gestión de cumplimiento regulatorio en transporte urbano y evaluación de proveedores de servicios de mantención y combustible,"TRANSDEV CHILE opera en transporte urbano de pasajeros, sector que corresponde a Utilities/Infraestructura por su naturaleza de servicio público esencial. Está regulada por autoridades de transporte y probablemente por SEC (Superintendencia de Electricidad y Combustibles) si utiliza combustibles, asignando 15 puntos. Con 58 trabajadores (mediana) y operaciones de flota, requiere entre 50-200 proveedores típicamente (mantención, combustible, repuestos, logística), asignando 15 puntos. Sin señal externa reportada = 0 puntos. El sector transporte requiere cumplimiento regulatorio estricto y debida diligencia en proveedores críticos.",TRANSPORTE URBANO Y SUBURBANO DE PASAJEROS VIA LOCOMOCION COLECTIVA,9,HUECHURABA,
84687500-K,STELLANTIS CHILE S.A.,53,Manufactura Retail,20,0,3,0,25,5,0,"Gestión y evaluación de riesgos en una red compleja de proveedores de autopartes, componentes y servicios logísticos para operaciones de distribución automotriz a nivel nacional.","Stellantis es un fabricante y distribuidor automotriz global (resultado de fusión Fiat-Chrysler-PSA). En Chile opera como distribuidor mayorista de vehículos, clasificándose en Manufactura Retail. No está regulada por CMF, Sernageomin, SEC o CNE (puntaje regulación=0). Por su escala global, operaciones complejas y modelo de distribución, requiere >200 proveedores incluyendo fabricantes, logística, servicios (puntaje=25). Sin señal externa reportada (puntaje=0). ICP alto por tamaño (gran empresa=20 pts) + alta complejidad de cadena de suministro donde Plutto agregue valor en debida diligencia de proveedores.",VENTA AL POR MAYOR DE VEHICULOS AUTOMOTORES,13,HUECHURABA,
96887360-1,COLD CHILE SA,38,Otro,20,0,3,0,15,0,0,"Gestión y evaluación de riesgos de proveedores logísticos y de almacenamiento, cumplimiento normativo en cadena de suministro, y debida diligencia de clientes en operaciones de depósito.","Cold Chile SA es una empresa de almacenamiento y depósito (giro específico no clasificado en verticales principales). Con 131 trabajadores es una gran empresa que probablemente maneja entre 50-200 proveedores de servicios logísticos, infraestructura y operacionales (15 puntos). No tiene indicadores de regulación específica por CMF, Sernageomin, SEC o CNE (0 puntos). Sin señal externa reportada (0 puntos). Se clasifica en 'Otro' ya que no es Financiero, Mining, Utilities o Manufactura Retail, siendo un proveedor de servicios logísticos especializado.",OTROS SERVICIOS DE ALMACENAMIENTO Y DEPOSITO N.C.P.,11,QUILICURA,
78034470-9,LINDE HIGH LIFT CHILE S A,70,Mining/Energía,20,0,5,15,25,5,0,"Gestión y evaluación de riesgos de proveedores de equipos especializados en operaciones de mining y energía, con énfasis en cumplimiento normativo y seguridad industrial.","Linde es una multinacional de gases y equipos industriales con presencia fuerte en mining y energía. Su giro de 'venta al por mayor de maquinaria y equipo' aplicado a esta empresa específica apunta claramente al sector Mining/Energía. Con 304 trabajadores (gran empresa) y operación en Chile, probablemente está regulada por Sernageomin dado que provee equipos críticos para operaciones mineras. Una empresa de este tamaño en este rubro maneja típicamente >200 proveedores globales. Sin señal externa reportada (N/A), se asigna 0 puntos. Total: 40 puntos.",VENTA AL POR MAYOR DE OTROS TIPOS DE MAQUINARIA Y EQUIPO N.C.P.,13,RENCA,
96856780-2,ISAPRE CONSALUD S A,73,Financiero,20,0,10,15,25,3,0,"Gestionar la debida diligencia y compliance regulatorio de una cartera extensa de proveedores, colaboradores y prestadores de servicios en el sector sanitario, asegurando cumplimiento con normativas de la CMF y protección de datos sensibles de afiliados.","ISAPRE Consalud es una institución de salud previsional regulada por la CMF (Comisión para el Mercado Financiero), lo que genera 15 puntos de regulación. Como empresa grande (2,152 trabajadores) en el sector salud, requiere gestionar múltiples proveedores (farmacéuticos, hospitales, clínicas, servicios administrativos, seguros complementarios) estimados entre 200-300 proveedores, otorgando 25 puntos. No hay señal externa reportada (N/A = 0 puntos). La clasificación en 'Financiero' es apropiada dado que las ISAPREs son intermediarios financieros sanitarios regulados por entidad financiera.",ACTIVIDADES DE ISAPRES,13,LAS CONDES,
76448760-5,BRIDGE VENTURES SPA,53,Financiero,20,0,0,15,15,3,0,"Necesidad de evaluar y monitorear el perfil de riesgo de clientes y contrapartes en operaciones de leasing, asegurando cumplimiento normativo con CMF y mitigando riesgo de lavado de activos.","La empresa BRIDGE VENTURES SPA con giro 'Leasing Financiero' se clasifica en vertical Financiero. Al ser intermediario financiero regulado por CMF, obtiene 15 puntos en regulación. Como empresa de leasing con 7 trabajadores en estructura pequeña-mediana, probablemente gestiona entre 50-200 proveedores (instituciones, proveedores de vehículos/activos, servicios), asignando 15 puntos. Sin señal externa reportada: 0 puntos. El pain point se enfoca en compliance y debida diligencia de contrapartes, que es el core de Plutto.",LEASING FINANCIERO,11,PIRQUE,
96939240-2,COMPANIA  MANTOS DE LA LUNA S A,58,Mining/Energía,20,0,3,15,15,5,0,Gestión de cumplimiento regulatorio ante Sernageomin y evaluación de riesgos de proveedores en cadena de suministro minera,"La empresa se clasifica en Mining/Energía por su giro explícito de 'EXTRACCION Y PROCESAMIENTO DE COBRE'. Está regulada por Sernageomin como operadora minera (15 pts). Con 55 trabajadores y operaciones de extracción/procesamiento, se estima manejo de 50-200 proveedores considerando servicios, insumos y logística (15 pts). No hay señal externa reportada (0 pts). El pain_point se enfoca en compliance regulatorio minero y due diligence de proveedores, core de Plutto.",EXTRACCION Y PROCESAMIENTO DE COBRE,13,TOCOPILLA,
76211240-K,KAUDAT SPA,38,Otro,20,0,3,0,15,0,0,Gestión y evaluación de riesgos en la cadena de proveedores de servicios de apoyo empresarial,"KAUDAT SPA opera en 'Otras actividades de servicios de apoyo a las empresas n.c.p.', un giro genérico que no se alinea específicamente con los verticales predefinidos, por lo que se clasifica como 'Otro'. No existe evidencia de regulación por CMF, Sernageomin, SEC o CNE para este tipo de servicios administrativos. Como gran empresa (79 trabajadores) en servicios de apoyo empresarial, probablemente gestiona entre 50-200 proveedores para operaciones internas, asignando 15 puntos. Sin señal externa registrada (N/A). El pain point se enfoca en que empresas de servicios de apoyo requieren evaluar y gestionar riesgos en sus propias cadenas de valor, área donde Plutto ofrece solución directa.",OTRAS ACTIVIDADES DE SERVICIOS DE APOYO A LAS EMPRESAS N.C.P.,12,EST CENTRAL,
96778160-6,ECOPRENEUR CHILE S A,35,Otro,20,0,0,0,15,0,0,Gestión y evaluación de riesgos en la cadena de proveedores de servicios técnicos y consultorías de ingeniería,"ECOPRENEUR CHILE es una empresa de servicios de ingeniería y consultoría técnica que no se alinea con los verticales principales especificados (Financiero, Mining/Energía, Utilities, Manufactura Retail). Se clasifica en 'Otro'. No está regulada por CMF, Sernageomin, SEC o CNE (regulación=0). Como empresa de 44 trabajadores en servicios técnicos, probablemente maneja entre 50-200 proveedores para sus operaciones (consultoría, infraestructura, subcontrataciones), asignando 15 puntos. Sin señal externa reportada (N/A). El pain_point radica en que empresas de consultoría técnica requieren evaluar constantemente a sus propios proveedores y colaboradores para mantener estándares de calidad y cumplimiento normativo en sus proyectos.",EMPRESAS DE SERVICIOS DE INGENIERIA Y ACTIVIDADES CONEXAS DE CONSULTORIA TECNICA,11,LAS CONDES,
76079225-K,INMOBILIARIA RIO CLARO S.A.,17,Otro,2,0,0,0,15,0,0,"Validación y evaluación de riesgos de proveedores inmobiliarios (constructoras, contratistas, proveedores de servicios) y clientes compradores/arrendatarios para mitigar riesgos legales y financieros.","La empresa es una inmobiliaria dedicada a compra, venta y alquiler de inmuebles. No califica en verticales específicos (Financiero, Mining/Energía, Utilities/Infraestructura, Manufactura Retail), por lo que se clasifica como 'Otro'. No está regulada por CMF, Sernageomin, SEC o CNE (0 puntos regulación). Como microempresa inmobiliaria, maneja proveedores de construcción, servicios, y gestión de propiedades, estimando entre 50-200 proveedores (15 puntos). Sin señal externa reportada (0 puntos). El pain_point relevante es la necesidad de evaluar contrapartes en transacciones inmobiliarias.","COMPRA, VENTA Y ALQUILER (EXCEPTO AMOBLADOS) DE INMUEBLES",2,TEMUCO,
60810000-8,COMISION PARA EL MERCADO FINANCIERO,43,Financiero,2,0,8,15,15,3,0,Gestión de debida diligencia de múltiples intermediarios financieros y verificación de cumplimiento normativo en cadenas de proveedores del sector financiero,"La Comisión para el Mercado Financiero (CMF) es el regulador principal del mercado financiero chileno. Se clasifica en vertical 'Financiero' por su naturaleza institucional. Recibe 15 puntos en regulación porque es una entidad reguladora en sí misma y opera bajo estricta supervisión normativa. En proveedores se estiman 50-200 (15 puntos) considerando que una institución pública de este tamaño (717 trabajadores) requiere servicios diversos: tecnología, logística, consultoría legal y compliance. Sin señal externa reportada (N/A) = 0 puntos. El pain point se enfoca en que Plutto podría ayudar a la CMF a fortalecer su propia cadena de debida diligencia de proveedores y colaboradores.",ACTIVIDADES DE LA ADMINISTRACION PUBLICA EN GENERAL,4,SANTIAGO,
70001650-1,CAMARA FRANCO CHILENA PARA EL COMERCIO Y,5,Otro,5,0,0,0,0,0,0,Gestión y evaluación de proveedores internacionales en operaciones comerciales transfronterizas,"La empresa es una cámara binacional (Franco-Chilena) dedicada a actividades de asociación comercial, clasificada como 'Otro' ya que no encaja en verticales específicos (no es financiero, mining, utilities ni manufactura retail). No está regulada por CMF, Sernageomin, SEC o CNE (0 puntos). Como organización de 3 personas dedicada a facilitar comercio bilateral, probablemente maneja <50 proveedores directos (0 puntos). Sin señal externa reportada (0 puntos). El pain point se enfoca en su rol facilitador: necesita validar y evaluar proveedores/clientes en transacciones comerciales franco-chilenas, donde Plutto podría agregar valor en debida diligencia transfronteriza.",ACTIVIDADES DE OTRAS ASOCIACIONES N.C.P.,6,PROVIDENCIA,
76455225-3,JX NIPPON MINING  METALS CHILE SPA,47,Mining/Energía,12,0,0,15,15,5,0,"Gestión y evaluación de riesgos en cadena de proveedores de operaciones mineras, cumplimiento normativo ante Sernageomin y asegurar compliance en actividades de apoyo a la industria extractiva.","La empresa JX NIPPON MINING METALS es claramente del sector minero (nombre explícito) con operaciones en Chile. Aunque el giro registrado es genérico ('servicios de apoyo a empresas'), el nombre y contexto indican actividades vinculadas a mining. Se clasifica en Mining/Energía. Regulación: 15 puntos - empresa minera está regulada por Sernageomin. Proveedores: 15 puntos - con 26 trabajadores es mediana, probablemente maneja 50-200 proveedores típicos en operaciones de apoyo minero. Señal: 0 puntos - sin señal externa reportada (N/A). El pain point se enfoca en la necesidad crítica de KYB en supply chain minero y compliance regulatorio.",OTRAS ACTIVIDADES DE SERVICIOS DE APOYO A LAS EMPRESAS N.C.P.,9,LAS CONDES,
96618010-2,FRUTICOLA AGRICHILE S A,50,Manufactura Retail,20,0,10,0,15,5,0,"Gestión y debida diligencia de proveedores agrícolas, distribuidores y logística en cadena de suministro compleja","La empresa es una frutícola dedicada al cultivo de frutas de pepita y hueso. Se clasifica en Manufactura Retail por ser productor agrícola con operaciones de transformación y comercialización. Con 1.057 trabajadores (gran empresa) y operaciones agrícolas integradas, probablemente maneja entre 50-200 proveedores (insumos, servicios agrícolas, logística, distribución). No tiene regulación específica de entes como CMF, Sernageomin o CNE aplicable a su giro. Sin señal externa reportada. El pain point crítico es evaluar y monitorear proveedores en una cadena agrícola compleja con múltiples eslabones.",CULTIVO DE FRUTAS DE PEPITA Y DE HUESO,13,CURICO,
96513050-0,VALLE NEVADO S A,60,Manufactura Retail,20,0,10,0,25,5,0,"Gestión y evaluación de riesgos en una cadena compleja de proveedores de servicios hoteleros (alimentos, limpieza, mantenimiento, suministros) con más de 1.000 empleados","Valle Nevado es un complejo hotelero/centro de esquí de gran escala (1.041 trabajadores). Se clasifica en 'Manufactura Retail' por ser operación de hospitalidad con fuerte componente de servicios y retail. No está regulado por CMF, Sernageomin, SEC o CNE. Dado su tamaño y operaciones, gestiona probablemente >200 proveedores especializados (alimentos, bebidas, limpieza, mantenimiento, equipos de esquí, transporte). Sin señal externa reportada. El pain point clave es la debida diligencia de múltiples proveedores en un entorno de alta estacionalidad y complejidad operativa.",ACTIVIDADES DE HOTELES,12,LO BARNECHEA,
76511583-3,RED ELECTRICA CHILE SPA,55,Mining/Energía,20,0,0,15,15,5,0,"Gestión de riesgos regulatorios y cumplimiento normativo en la cadena de suministro energética, incluyendo evaluación de proveedores críticos para operaciones de distribución eléctrica.","La empresa RED ELECTRICA CHILE SPA se clasifica en Mining/Energía debido a su nombre y giro relacionado con asesoría en inversión financiera en el sector eléctrico. Probablemente está regulada por la CNE (Comisión Nacional de Energía) como parte del ecosistema eléctrico chileno, por lo que recibe 15 puntos. Con 42 trabajadores (gran empresa) y siendo una empresa de consultoría/asesoramiento en el sector energético, se estima que maneja entre 50-200 proveedores, otorgando 15 puntos. No hay señal externa reportada (N/A), por lo que recibe 0 puntos. El pain point principal es la necesidad de evaluar y monitorear proveedores y contrapartes en un sector altamente regulado.","EMPRESAS DE ASESORIA Y CONSULTORIA EN INVERSION FINANCIERA, SOCIEDADES DE APOYO AL GIRO",11,LAS CONDES,
88481800-1,ICAFAL INGENIERIA Y CONSTRUCCION S A,75,Utilities/Infraestructura,20,0,10,15,25,5,0,"Gestión de debida diligencia en cadena de proveedores de construcción e ingeniería civil, con énfasis en cumplimiento regulatorio y evaluación de riesgos de contratistas y subcontratistas.","Se clasificó en Utilities/Infraestructura porque el giro 'CONSTRUCCION DE CARRETERAS Y LINEAS DE FERROCARRIL' corresponde claramente a proyectos de infraestructura crítica. La empresa está regulada por Sernageomin (proyectos de infraestructura vial) y posiblemente MOP, otorgando 15 puntos. Con 3.813 trabajadores (gran empresa) en construcción, típicamente gestiona >200 proveedores (contratistas, proveedores de materiales, servicios especializados), asignando 25 puntos. No hay señal externa reportada (0 puntos). El pain_point refleja el desafío operacional de evaluar múltiples proveedores en proyectos de infraestructura con requisitos regulatorios estrictos.",CONSTRUCCION DE CARRETERAS Y LINEAS DE FERROCARRIL,13,LAS CONDES,
76574879-8,JETSMART AIRLINES SPA,68,Otro,20,0,8,15,25,0,0,"Gestión y debida diligencia de una extensa red de proveedores críticos (combustible, mantenimiento, catering, logística) en operaciones de transporte aéreo de alto riesgo regulatorio","JetSmart Airlines es una aerolínea que opera transporte de pasajeros por vía aérea. Aunque no encaja perfectamente en los verticales propuestos, se clasifica como 'Otro' dado que es un operador de transporte especializado. Es regulada por la DGAC (Dirección General de Aeronáutica Civil) bajo normativas de aviación civil, lo que justifica 15 puntos en regulación. Como aerolínea de gran tamaño (988 trabajadores), probablemente gestiona más de 200 proveedores críticos (combustible, mantenimiento, catering, seguros, logística), justificando 25 puntos. Sin señal externa reportada (N/A), obtiene 0 puntos en señal. El pain point identificado es la necesidad de evaluar y monitorear continuamente proveedores con riesgo regulatorio en operaciones aeroportuarias.",TRANSPORTE DE PASAJEROS POR VIA AEREA,13,HUECHURABA,
