Empresa,RUT,Modo,Score,Vertical,Dolor,Reasoning
EMPRESA DE TRANSPORTE DE PASAJEROS METRO S A,61219000-3,normal,42,manufactura,Gestión de compliance en cadena de proveedores de transporte masivo,"Empresa gran tamaño (Tramo 13 = ventas altas) en región metropolitana (+20). No tiene regulación compliance obligatoria específica como financiero/minería (-30). Sector transporte urbano requiere múltiples proveedores (mantenimiento, combustible, servicios) estimados entre 50-200 (+15). Sin señales recientes de urgencia. Sin información sobre competidores usados, se asume +0. Score moderado por ausencia de obligatoriedad regulatoria específica de KYB, aunque tiene relevancia operacional."
EMPRESA DE TRANSPORTE DE PASAJEROS METRO S A,61219000-3,ajustado,83,OTRO,Evaluación de proveedores y contratistas en transporte público masivo,Metro S.A. es regulada por SEC (superintendencia) → 30 pts regulación. Empresa de transporte masivo con 50-200 proveedores estimados → 15 pts. Nueva regulación de transporte y sostenibilidad → 10 pts señal. Desconocido método compliance actual → 0 pts competencia. Clasificado como OTRO por ser transporte urbano (no encaja segmentos predefinidos).
CAMARA DE COMERCIO DE SANTIAGO A G,70017820-K,normal,12,manufactura,Verificación de miembros y proveedores en red de asociados empresariales,"Cámara de Comercio tiene bajo potencial KYB. No opera en verticales reguladas (financiero, energía, minería, utilities). Aunque maneja múltiples miembros/proveedores, la industria no tiene obligación compliance legal específica. Tamaño mediano (tramo 12) suma pocos puntos. Sin señal de evento urgente. La naturaleza de asociación gremial no genera necesidad crítica de KYB como otros sectores regulados."
CAMARA DE COMERCIO DE SANTIAGO A G,70017820-K,ajustado,39,otro,Validación de miembros y proveedores para asegurar cumplimiento normativo,Cámara de Comercio es asociación empresarial sin regulación específica de SISS/SEC (reg=0). Como entidad gremial con 50-200 miembros/proveedores asociados típicos (proveedores=15). Sin señales de licitación/M&A/regulación nueva (señal=0). Sin información sobre herramientas de compliance usadas (competencia=0).
UNIVERSIDAD MAYOR,71500500-K,normal,32,manufactura,Verificación de proveedores y contratistas en procesos de compras y servicios,"Universidad privada grande (tramo 13) sin regulación compliance KYB obligatoria en su industria (-30 puntos). Estimado 100-150 proveedores (servicios, infraestructura, académicos) = +15 puntos. Gran empresa +20 puntos. Sin señal reciente de urgencia. Sin información de competidores actuales (+0). Pain point moderado en gestión de contrapartes para compras y contratación de servicios, pero sin presión regulatoria que acelere decisión de compra."
UNIVERSIDAD MAYOR,71500500-K,ajustado,39,otro,Evaluación de proveedores académicos y colaboradores internacionales con riesgos reputacionales,"Universidad Mayor es institución de educación superior privada, no regulada por SISS/SEC. Estimado 50-200 proveedores (servicios académicos, infraestructura, tecnología, proveedores internacionales). Sin señales relevantes documentadas. Desconocimiento de herramientas de compliance específicas asignado como 0."
UNIVERSIDAD DE LAS AMERICAS,71540800-7,normal,12,manufactura,Gestión de proveedores académicos y administrativos sin regulación compliance específica,"Universidad privada sin obligación legal de KYB (no es financiero, energía, minería o utilities). Sector educativo no tiene regulación compliance mandatoria. Aunque es gran empresa (Tramo 13), el giro no genera necesidad urgente de verificación de contrapartes B2B. Bajo potencial como lead para Plutto sin señal de licitación, regulación nueva o evento activador."
UNIVERSIDAD DE LAS AMERICAS,71540800-7,ajustado,39,otro,"Evaluación de proveedores académicos, contratistas y colaboradores institucionales.","Universidad privada grande sin regulación específica de SISS/SEC. Estimado 50-200 proveedores (servicios, infraestructura, tecnología, docentes contratados) = +15 puntos. Sin señal de licitación/M&A/multa reciente = 0. Competencia desconocida = 0. Regulación educativa no aplica criterio = 0."
ESVAL S.A.,76000739-0,normal,62,utilities,Verificación de proveedores en cadena de suministro de agua potable y cumplimiento regulatorio SISS,"ESVAL es utility regulada por SISS (+30). Gran empresa tramo 13 (+20). Sector agua requiere múltiples proveedores para operaciones, mantenimiento e infraestructura (+15). Sin señales recientes de urgencia. Como empresa estatal chilena de servicios básicos, probablemente ya tiene procesos compliance establecidos pero presentan oportunidad de automatización y eficiencia en KYB masivo."
ESVAL S.A.,76000739-0,ajustado,72,utilities,Evaluación de proveedores y contratistas en sector regulado de agua potable,"ESVAL es empresa estatal regulada por SISS (Superintendencia de Servicios Sanitarios) → reg=30. Como gran empresa de utilities con múltiples proveedores estimados 50-200 → proveedores=15. Sin señales de licitación, M&A o regulación nueva reportada → señal=0. No hay información sobre herramientas de compliance usadas → competencia=0."
SOPROLE S.A.,76101812-4,normal,42,manufactura,Verificación de proveedores en cadena de suministro alimentaria con requisitos sanitarios,"SOPROLE es gran empresa (tramo 13) en manufactura alimentaria con múltiples proveedores de materias primas e insumos (~50-200 estimado), generando necesidad de KYB. Sin embargo, la industria láctea no tiene compliance obligatorio regulatorio como financiero/minería. No hay señal de urgencia inmediata. Score moderado: tamaño empresa (+20), volumen proveedores estimado (+15), sin regulación obligatoria (0), sin señal (+0), potencial competidor existente (-5). Total: 42 puntos."
SOPROLE S.A.,76101812-4,ajustado,83,manufactura,Gestión de proveedores y cumplimiento regulatorio en cadena de suministro láctea,"SOPROLE es gran empresa manufacturera de productos lácteos. Regulación: +20 por estar sujeta a normativas sanitarias (AGROALIMENTOS). Proveedores: +35 asumiendo >200 proveedores típico en manufactura alimentaria de esta escala. Señal: 0 sin información de licitaciones, multas o M&A. Competencia: 0 sin evidencia de uso de plataformas compliance especializadas."
SK GODELIUS S.A.,76167834-5,normal,17,manufactura,Gestión de proveedores de servicios informáticos sin regulación compliance obligatoria,"Empresa de consultoría informática sin obligaciones regulatorias de compliance (no financiero, energía, minería ni utilities). Tamaño mediano (tramo 9) suma +12. Volumen de proveedores bajo-medio para sector tecnológico suma +5. Sin señales de urgencia identificadas. Sin información de competencia actual resta 0. Lead de bajo potencial para Plutto: no enfrenta presión regulatoria que justifique solución de KYB."
SK GODELIUS S.A.,76167834-5,ajustado,30,OTRO,Validación de proveedores IT y gestión de riesgos en contrataciones de consultoría,"SK Godelius es empresa de consultoría informática, no regulada por SISS/SEC. Sin información sobre cantidad de proveedores, se asigna rango medio (50-200) = 15 puntos. Sin señales de licitación, M&A o multas reportadas = 0. Competencia desconocida = 0. Clasificada en segmento OTRO por no encajar en verticales específicas."
INTERCHILE S.A.,76257379-2,normal,65,utilities,Verificación de proveedores en cadena de suministro de energía con requisitos regulatorios SEC/CNE,Empresa del sector eléctrico (transmisión) con obligación compliance SEC/CNE (+30). Tramo 13 indica gran empresa (+20). Sector utilities gestiona típicamente 100-150 proveedores (+15). Sin señal reciente identificada (+0). Sin información de competidor actual (+0). Score base: 65 puntos. Lead cualificado pero requiere validar volumen real de proveedores y urgencia de digitalización de KYB.
INTERCHILE S.A.,76257379-2,ajustado,72,utilities,Evaluación de proveedores y contrapartes en cadena de suministro regulada,"INTERCHILE opera en transmisión de energía eléctrica, claramente regulada por SEC/CNE (30 pts regulación). Como gran empresa del sector, opera con red extensa de proveedores en rango 50-200 (15 pts). Sin señales públicas de licitaciones, multas, M&A o nuevas regulaciones (0 pts señal). No hay información de herramientas de compliance conocidas (-0 pts competencia asumido como desconocido)."
CONSTRUCTORA ASFALCURA SPA,76298660-4,normal,42,manufactura,Verificación de proveedores y subcontratistas en proyectos de infraestructura vial,"Constructora mediana (Tramo 12) sin regulación compliance obligatoria específica (-30 puntos). Sector construcción típicamente maneja 50-200 proveedores/subcontratistas (+15). Tamaño mediano (+12). Sin señales de urgencia recientes. No hay evidencia de competencia actual (-0). El principal atractivo es la necesidad inherente de KYB en cadena de proveedores para obras públicas/privadas, pero sin drivers regulatorios inmediatos ni eventos que generen urgencia."
CONSTRUCTORA ASFALCURA SPA,76298660-4,ajustado,56,OTRO,Evaluar proveedores y contratistas en proyectos de infraestructura vial con riesgos regulatorios.,"Constructora de carreteras clasificada como OTRO (no es Mining/Energía ni Utilities regulada por SISS/SEC). Regulación: 0 puntos (no regulada por organismos especificados). Proveedores: 15 puntos (rango 50-200, típico en constructoras con múltiples subcontratistas). Señal: 15 puntos (licitaciones públicas y potenciales multas por incumplimientos en proyectos viales). Competencia: 0 puntos (desconocido uso de herramientas de compliance)."
TECNO FAST S.A.,76320186-4,normal,17,manufactura,Verificación de proveedores en construcción sin regulación obligatoria,"Construcción/acabado sin regulación compliance obligatoria (-30). Tramo 13 indica mediana empresa (+12). Sector construcción típicamente maneja 50-200 proveedores (+15). Sin señales de eventos urgentes. Sin información de competidores existentes (0). Score bajo: industria no regulada, sin presión compliance inmediata."
TECNO FAST S.A.,76320186-4,ajustado,28,otro,Evaluación de subcontratistas y proveedores en cadena de suministro construcción,Terminación y acabado de edificios no encaja en segmentos especializados. No regulada por SISS/SEC (reg=0). Empresa construcción típicamente <50 proveedores directos estratégicos (prov=5). Sin señales de licitación/M&A/regulación nueva reportadas (señal=0). Competencia en due diligence desconocida (comp=0).
NS AGRO S.A.,76364071-K,normal,65,financiero,Verificación de contrapartes y cumplimiento normativo CMF en gestión de fondos,"Regulación compliance obligatoria CMF (+30). Tamaño mediano tramo 12 (+12). Industria financiera requiere KYB exhaustivo para operaciones. Sin señal reciente identificada. No hay información de competidor actual, asumiendo sin solución (-0). Score moderado-alto por obligatoriedad regulatoria y tamaño empresa, pero limitado por ausencia de trigger de urgencia."
NS AGRO S.A.,76364071-K,ajustado,76,financiero,Verificación de contrapartes y cumplimiento normativo CMF en evaluación de riesgos,"NS AGRO S.A. se clasifica en Financiero por su giro de fondos y sociedades de inversión. Regulación: +40 (regulada por CMF con obligación verificar contrapartes). Proveedores: +12 (asumiendo rango 50-200 sin información específica; típico en fondos/inversión). Señal: 0 (sin datos de licitación, multa, M&A o regulación nueva). Competencia: 0 (desconocido si utiliza herramientas especializadas)."
BUDA.COM SPA,76415528-9,normal,65,financiero,Verificación de identidad y compliance regulatorio de usuarios en plataforma de trading,"Buda.com es exchange de criptomonedas regulado por CMF. Cumple con regulación compliance obligatoria (+30). Como plataforma financiera, maneja miles de usuarios/contrapartes requiriendo KYB continuo (+25). Gran empresa por volumen operativo (+20). Tramo ventas alto (9) confirma escala. Sin señal reciente específica (-10). Score elevado por naturaleza regulatoria crítica del giro y necesidad inherente de compliance."
BUDA.COM SPA,76415528-9,ajustado,67,financiero,Verificación de contrapartes y cumplimiento normativo CMF en operaciones de mercados financieros.,"BUDA.COM es administrador de mercados financieros, regulado por CMF con obligación explícita de verificar contrapartes (reg: 40). Por tamaño mediano (tramo SII 9), se estima 50-200 proveedores (prov: 12). Sin señales de licitación, M&A o nueva regulación (señal: 0). Sin información sobre herramientas de compliance competencia (comp: 0)."
ALISERVICE S.A.,76437608-0,normal,42,financiero,Verificación de contrapartes y cumplimiento normativo CMF en asesoría financiera,"Empresa de asesoría financiera con obligación CMF de verificar contrapartes (+30). Tramo 11 de ventas indica mediana empresa (+12). Sin señal de evento urgente. Volumen de proveedores estimado bajo para el sector (~30-50, +5). Sin información de competidores actuales (+0). Total: 30+12+5+0 = 47, ajustado a 42 por falta de señales de urgencia inmediata y tamaño moderado."
ALISERVICE S.A.,76437608-0,ajustado,72,otro,Verificación de contrapartes financieras y gestión de riesgos en asesorías de inversión,"ALISERVICE es empresa de asesoría financiera regulada por CMF (equivalente a SEC en contexto de servicios financieros), por lo que obtiene 30 puntos en regulación. Sin información pública sobre cantidad de proveedores, se asigna tramo conservador 50-200 proveedores (+15). Sin señales de licitación, multas o M&A identificadas (0 puntos). Competencia desconocida (0 puntos). Clasificada en OTRO dado que el giro de asesoría financiera no encaja precisamente en verticales predefinidas."
SOCIEDAD CONCESIONARIA NUEVO PUDAHUEL S.A.,76466068-4,normal,17,manufactura,Verificación de contrapartes en arriendos inmobiliarios y gestión de proveedores,"Empresa de alquiler inmobiliario sin regulación compliance obligatoria (-30). Tramo 13 sugiere mediana empresa (+12). Sin señal de urgencia. Industria típicamente maneja <50 proveedores (+5). No es sector financiero, energía, minería o utilities donde Plutto tiene mayor tracción regulatoria. Baja prioridad para cartera."
SOCIEDAD CONCESIONARIA NUEVO PUDAHUEL S.A.,76466068-4,ajustado,39,otro,Evaluación de riesgo en arrendamiento de inmuebles y equipos a múltiples clientes.,"Empresa de alquiler de bienes inmuebles no regulada por SISS/SEC (reg=0). Estima 50-200 proveedores típicos en sector inmobiliario (proveedores=+15). Sin señales de licitación, multas, M&A o nueva regulación (señal=0). No hay información de competencia verificada (competencia=0). Clasificada como OTRO por no encajar en verticales específicos."
CHITA SPA,76596744-9,normal,35,financiero,Verificación de contrapartes y cumplimiento normativo CMF en operaciones financieras,"Empresa de servicios financieros con obligación compliance CMF (+30). Tamaño pequeño, tramo 10 SII (+5). Sin señal de urgencia inmediata. Volumen de proveedores presumiblemente bajo por su tamaño (<50, +5). Posible uso de soluciones competidoras (-10) sin confirmación. Lead moderado con potencial en segmento financiero regulado, pero tamaño limita oportunidad."
CHITA SPA,76596744-9,ajustado,56,otro,Gestión de riesgos en contrapartes financieras no reguladas por CMF,"CHITA SPA opera en 'Otras actividades de servicios financieros' (código SII), lo que no corresponde a Financiero puro (regulado CMF). Se clasifica como OTRO. Regulación: +30 puntos por potencial regulación SEC en servicios financieros. Proveedores: sin información disponible, asignado 0. Señal: ninguna señal reportada (N/A), asignado 0. Competencia: sin información sobre herramientas de compliance, asignado 0."
ESSBIO S.A.,76833300-9,normal,62,utilities,Verificación de proveedores en cadena de suministro de agua y cumplimiento regulatorio SISS,"ESSBIO es empresa de servicios básicos (agua) regulada por SISS (+30). Gran empresa con probable alto volumen de proveedores en operaciones de captación, tratamiento y distribución (+20). Tramo ventas SII 13 indica empresa mediana-grande (+12). Sin señal reciente aparente (-0). Sector utilities con obligación compliance clara pero sin urgencia inmediata identificada. Potencial moderado-alto como lead KYB."
ESSBIO S.A.,76833300-9,ajustado,72,utilities,Gestión de proveedores y cumplimiento regulatorio SISS en servicios sanitarios,"ESSBIO es regulada por SISS (Superintendencia de Servicios Sanitarios) como empresa de agua potable y alcantarillado: +30 reg. Empresa grande del sector utilities típicamente con 50-200 proveedores críticos: +15 proveedores. Sin señales de licitación, M&A o nuevas regulaciones identificadas: 0 señal. Desconocido uso de herramientas de compliance especializadas: 0 competencia."
X CAPITAL SPA,77078244-9,normal,42,financiero,Verificación obligatoria de contrapartes y gestión de riesgo compliance en operaciones financieras,"Empresa de servicios financieros (no seguros ni fondos pensiones) sujeta a regulación CMF (+30). Tramo 12 indica mediana empresa (+12). Sin señales de urgencia detectadas. Volumen de proveedores indeterminado, se asume moderado para sector (+5). No hay evidencia de competencia establecida (+0). Score conservador por falta de información sobre señales recientes y volumen real de contrapartes a verificar."
X CAPITAL SPA,77078244-9,ajustado,63,financiero,Verificación de contrapartes y cumplimiento normativo CMF en operaciones financieras,"X Capital SPA es clasificada como Financiero por su giro en 'Otras Actividades de Servicios Financieros'. Regulación: +40 por estar regulada por CMF con obligación de verificar contrapartes (típico en servicios financieros). Proveedores: 0 puntos (información no disponible en datos proporcionados). Señal: 0 puntos (sin licitaciones, multas, M&A o nueva regulación reportada). Competencia: 0 puntos (desconocido si utiliza herramientas especializadas de due diligence)."
TOKU SPA,77126383-6,normal,15,manufactura,Verificación de proveedores en servicios tecnológicos sin regulación obligatoria.,"Empresa de servicios TI sin obligaciones compliance regulatorias específicas (-30). Pequeña empresa (tramo 10, menos de 50 empleados, +5). Sin señal de urgencia identificada. Sector no regulado por CMF, SEC, CNE o SISS. Bajo potencial como ICP de Plutto debido a ausencia de drivers compliance obligatorios y tamaño reducido."
TOKU SPA,77126383-6,ajustado,39,OTRO,Validación de proveedores tecnológicos y detección de riesgos en cadena suministro,"TOKU es empresa de servicios TI, no regulada por SISS/SEC. Sin información de señales (licitación, multa, M&A). Estimamos 50-200 proveedores típicos en este giro (+15). Sin datos de competencia conocida, asignamos 0. Segmento OTRO por no encajar en verticales específicas."
TECK RESOURCES CHILE LIMITADA,78127000-8,normal,62,mining,Verificación de proveedores y contrapartes en cadena de suministro minero,"Empresa de apoyo a minería con regulación compliance obligatoria por Sernageomin (+30). Tramo 13 sugiere empresa grande/mediana (+15). Sector minero típicamente maneja 50-200+ proveedores (+15). Sin señal reciente identificada (+0). Sin información de competencia actual, asume posible oportunidad (+2). Score moderado-alto por industria regulada y volumen operativo, pero limitado por falta de eventos de urgencia inmediata."
TECK RESOURCES CHILE LIMITADA,78127000-8,ajustado,68,mining,Evaluación de proveedores y contratistas en cadena de suministro minera con riesgos regulatorios,Empresa clasificada en Mining/Energía por su giro en actividades de apoyo para explotación minera. Regulación: 30 pts por estar regulada por Sernageomin (sector minero). Proveedores: 15 pts (rango 50-200 estimado para empresa de servicios mineros de gran tamaño). Señal: 0 pts (sin licitación/multa/M&A/regulación nueva identificada). Competencia: 0 pts (desconocido si usa herramientas de compliance).
MAGOTTEAUX ANDINO S.A.,78803130-0,normal,47,manufactura,Verificación de proveedores en cadena de suministro industrial compleja,"Empresa manufacturera mediana (Tramo 13) sin regulación compliance obligatoria específica (-0). Industria siderúrgica típicamente maneja 50-200 proveedores (+15). Tamaño mediano empresa (+12). Sin señales de eventos urgentes (-0). No hay información de competencia actual, asumiendo sin solución específica (+20). Score moderado: industria relevante pero sin presión regulatoria directa que genere urgencia inmediata."
MAGOTTEAUX ANDINO S.A.,78803130-0,ajustado,44,manufactura,Evaluación de cadena de proveedores en industria siderúrgica con riesgos operacionales,"Magotteaux Andino es gran empresa manufacturera (hierro y acero). Regulación: 0 puntos (no regulada por organismos específicos mencionados). Proveedores: +20 puntos (rango 50-200, típico en manufactura industrial). Señal: 0 puntos (sin evidencia de licitación, multas, M&A o nueva regulación). Competencia: 0 puntos (desconocido si utiliza herramientas de compliance avanzadas). ICP prioritario: evaluación de contrapartes en cadena de suministro."
BLUMAR S.A.,80860400-0,normal,32,manufactura,Verificación de proveedores en cadena de suministro marítima compleja,"BLUMAR es gran empresa pesquera (Tramo 13 SII) con probable alto volumen de proveedores (+25 estimado entre 50-200), sumando +20 por tamaño. Sin embargo, la industria pesquera NO tiene regulación compliance obligatoria equivalente a financiero/energía/minería (-30 puntos críticos). No hay señal de evento urgente. Sector con menor presión regulatoria que verticales core de Plutto. Lead viable pero de segunda prioridad."
BLUMAR S.A.,80860400-0,ajustado,72,OTRO,Evaluación de proveedores marítimos y cumplimiento normativo pesquero,"BLUMAR es empresa pesquera industrial regulada por SEC (Superintendencia de Economía y Mercado de Valores) como sociedad anónima cotizada. Se asigna 30 puntos regulación. Con estructura de cadena de suministro pesquera típica (50-200 proveedores estimados entre armadores, procesadores, distribuidores), se asignan 15 puntos. Sin señales de M&A, licitación pública o multas recientes documentadas: 0 puntos. Competencia desconocida: 0 puntos."
PONTIFICIA UNIVERSIDAD CATOLICA DE CHILE,81698900-0,normal,12,manufactura,Gestión de proveedores académicos y administrativos sin regulación KYB específica,"Universidad privada sin obligaciones compliance regulatorias específicas (no financiera, energía, minería ni utilities). Tamaño: gran empresa (+20). Volumen proveedores: estimado 50-200 proveedores típicos universidad (+15). Sin señal urgente de evento. Sin regulación compliance sectorial obligatoria (-30). Sector educación no es prioritario para KYB B2B. Lead débil para Plutto."
PONTIFICIA UNIVERSIDAD CATOLICA DE CHILE,81698900-0,ajustado,39,OTRO,"Evaluación de proveedores, contratistas y colaboradores en contexto académico.","Como institución de educación superior privada, no está regulada por SISS/SEC. Estimado 50-200 proveedores (constructoras, catering, seguros, tecnología, servicios). Sin señales de licitación/M&A/multas recientes. Desconocido si usa herramientas de compliance especializadas. Asignado segmento OTRO por no coincidir con verticales específicas."
DP WORLD CHILE S.A,82777100-7,normal,42,manufactura,Verificación de contrapartes en cadena logística compleja y proveedores portuarios,"DP World es gran empresa (Tramo 12) con alto volumen de proveedores en logística (+20 por tamaño, +25 proveedores). Transporte acuático no tiene regulación compliance obligatoria como financiero/energía/minería (-30 puntos). Sin señal reciente de urgencia. Probable uso de herramientas competidoras por su tamaño. Lead cualificado pero sin regulación mandatoria como driver de compra."
DP WORLD CHILE S.A,82777100-7,ajustado,50,OTRO,Evaluación de proveedores y contratistas en cadena logística portuaria compleja.,"DP World Chile opera servicios portuarios/transporte acuático. No regulada por SISS/SEC (reg=0). Como empresa grande con múltiples proveedores logísticos y operacionales, estimamos >200 proveedores (prov=+25). Sin señales públicas de licitación, M&A o multas recientes (señal=0). Competencia desconocida (comp=0). Segmentada como OTRO por no encajar en verticales específicas."
SONDA S A,83628100-4,normal,37,manufactura,Verificación de proveedores tecnológicos y gestión de riesgos de cibercontratación,"SONDA es empresa mediana de consultoría informática (+12). No tiene regulación compliance obligatoria de verificación de contrapartes (-0). Sin embargo, como consultora que gestiona infraestructura IT para terceros, presumiblemente maneja entre 50-200 proveedores/subcontratistas (+15). No hay señal de evento de urgencia (+0). Sector tecnológico tiene creciente exigencia en due diligence de proveedores por riesgos ciberseguridad, pero no es legal obligatorio en Chile. Score moderado refleja potencial por volumen de contrapartes pero baja urgencia regulatoria inmediata."
SONDA S A,83628100-4,ajustado,39,otro,Evaluación de riesgos en cadena de proveedores tecnológicos y de consultoría,"SONDA es consultora de IT sin regulación directa de SISS/SEC. Estimado 50-200 proveedores típicos en sector consultoría (15pts). Sin señales de licitación, multa, M&A o regulación nueva identificadas (0pts). Competencia desconocida (0pts)."
SOC ANONIMA VINA SANTA RITA,86547900-K,normal,32,manufactura,Verificación de proveedores en cadena de suministro agroindustrial y gestión de cumplimiento normativo sectorial,"Empresa mediana (tramo 13) en elaboración de vinos sin regulación compliance obligatoria específica (no financiero, energía, minería ni utilities). Industria manufactura/agroindustrial típicamente con 50-200 proveedores (viñedos, logística, insumos). Sin señales de urgencia detectadas. Score: Tamaño mediano (+12) + volumen proveedores moderado (+15) + sin regulación obligatoria (0) + sin señal de urgencia (0) + potencial competidor establecido (-10) = 32 puntos. Lead viable pero no prioritario para Plutto."
SOC ANONIMA VINA SANTA RITA,86547900-K,ajustado,39,otro,Evaluación de proveedores agrícolas y distribuidores; cumplimiento normativo sectorial,"Viña Santa Rita es una gran empresa de elaboración de vinos. No encaja en segmentos Financiero, Mining/Energía, Utilities/Infraestructura ni Manufactura/Retail específicos, por lo que se clasifica como OTRO. Regulación: 0 puntos (sector vitivinícola no regulado por SISS/SEC). Proveedores: +15 puntos (estimado 50-200 proveedores considerando cadena de suministro agrícola y distribución). Señal: 0 puntos (sin información de licitación, multa, M&A o nueva regulación). Competencia: 0 puntos (desconocido si utiliza herramientas de compliance especializadas)."
TOYOTA CHILE S A,86740500-3,normal,32,manufactura,Verificación de proveedores y distribuidores en cadena de suministro automotriz,"Toyota Chile es gran empresa (Tramo 13) con +20pts. Industria automotriz requiere gestión significativa de proveedores y distribuidores, estimado 50-200 proveedores (+15pts). Sin embargo, sector no tiene compliance regulatorio obligatorio como financiero/minería (-30pts). No hay señal de evento urgente. Probablemente usa soluciones de verificación establecidas (competencia existente -10pts). Pain point real pero mercado no tiene presión regulatoria como ICP ideal de Plutto."
TOYOTA CHILE S A,86740500-3,ajustado,50,OTRO,Evaluación de proveedores y distribuidores en red comercial extendida,"Toyota Chile es distribuidor automotriz (retail/mayorista). No encaja en segmentos especializados (Financiero, Mining, Utilities, Manufactura). Clasificada como OTRO. Regulación: 0 (no regulada por SISS/SEC). Proveedores: +25 (estimado >200 proveedores/concesionarios en red). Señal: 0 (sin licitación, multa o M&A reportada). Competencia: 0 (desconocido si usa herramientas especializadas de verificación)."
ENAEX S A,90266000-3,normal,62,manufactura,Verificación de proveedores y cumplimiento regulatorio en industria de alto riesgo.,"ENAEX es gran empresa (Tramo 13) en manufactura de explosivos con regulación compliance obligatoria por Sernageomin (+30). Como fabricante industrial de escala significativa, presume >200 proveedores (+25). Gran empresa (+20). Sin señales de urgencia actuales (+0) y sin información sobre competidor actual (+0). Industria altamente regulada en Chile pero no es financiero, minería directa ni utilities, lo que limita el score final. Alto potencial por perfil regulatorio y complejidad operacional."
ENAEX S A,90266000-3,ajustado,68,mining,Gestión de proveedores de materias primas y cumplimiento normativo de seguridad.,"ENAEX es fabricante de explosivos regulado por Sernageomin (regulación minera/seguridad industrial = +30). Estimado 50-200 proveedores típicos en manufactura especializada = +15. Sin señales de licitación, M&A o multas recientes = 0. Competencia desconocida = 0."
CRISTALERIAS DE CHILE S A,90331000-6,normal,32,manufactura,Verificación de proveedores en cadena de suministro de vidrio y materiales.,"Empresa manufacturera sin regulación compliance obligatoria (-30 puntos). Tamaño mediano en tramo 13 (+12). Industria manufacturera típicamente maneja 50-200 proveedores (+15). Sin señales de urgencia reciente. Potencial moderado como lead, pero no es prioridad versus sectores regulados (financiero, energía, minería, utilities)."
CRISTALERIAS DE CHILE S A,90331000-6,ajustado,22,manufactura,Evaluar proveedores de materias primas y componentes de vidrio sin datos públicos disponibles,"Cristalería clasificada como Manufactura (fabricación vidrio). Regulación: 0 (no regulada por autoridades específicas mencionadas). Proveedores: 0 (información insuficiente en datos públicos; sin señales de >50 proveedores críticos). Señal: 0 (sin licitaciones, multas, M&A o nuevas regulaciones detectadas). Competencia: 0 (desconocido si usa herramientas especializadas). La empresa requiere KYB para gestionar riesgo en su cadena de suministro de vidrio."
FALABELLA S.A.,90749000-9,normal,32,manufactura,Gestión de cumplimiento normativo en cadena de proveedores retail masiva,"Falabella es gran empresa (Tramo 13) con alto volumen de proveedores estimado >200 (+25). Sin embargo, retail no tiene obligación regulatoria KYB específica como financiero/minería (-30 puntos). No hay señal reciente de urgencia identificada. Como retail tradicional, probablemente ya usa soluciones de verificación estándar (-10). Score refleja tamaño y volumen de proveedores, pero bajo atractivo regulatorio para Plutto."
FALABELLA S.A.,90749000-9,ajustado,61,manufactura,Gestión de riesgo en cadena de suministro masiva y evaluación de proveedores,"Falabella es retailer de gran formato con miles de proveedores (>200), sin regulación específica aplicable. No hay señales de licitación, multas o M&A recientes. Competencia en verificación desconocida. Máximo en proveedores por volumen crítico de contrapartes."
CEMENTO POLPAICO S A,91337000-7,normal,42,manufactura,Verificación de proveedores en cadena de suministro compleja y gestión de cumplimiento regulatorio sectorial.,"Cemento Polpaico es gran empresa (Tramo 13) con alto volumen de proveedores típico de manufactura pesada (~100-150 proveedores estimado, +15). Sin embargo, no está en sectores con compliance obligatorio directo (financiero, minería, energía, utilities) aunque sí tiene regulaciones ambientales y laborales. No hay señal de urgencia identificada. La manufactura de cemento requiere KYB para cadena de suministro pero sin obligación legal específica de verificación como sí existe en otros sectores. Puntuación moderada refleja potencial de mercado pero sin drivers inmediatos de conversión."
CEMENTO POLPAICO S A,91337000-7,ajustado,83,manufactura,Evaluación de proveedores y cadena de suministro en manufactura de materiales construcción,"Cemento Polpaico es gran fabricante regulado (tramo SII 13). Como manufacturero, recibe 20 pts regulación (regulado), 35 pts proveedores (asumiendo >200 en cadena productiva típica de cementerías), 0 señal (sin licitación/multa/M&A/nueva regulación identificada), 0 competencia (no especificado uso de herramientas). ICP alto por volumen proveedores y dependencia supply chain crítica."
ABASTIBLE S.A.,91806000-6,normal,62,utilities,Verificación de proveedores en cadena de suministro de combustibles y cumplimiento regulatorio energético.,"Regulación compliance obligatoria por SEC/CNE (+30). Gran empresa Tramo 13 (+20). Industria de utilities con múltiples proveedores en distribución (estimado 50-200, +15). Sin señal reciente identificada (+0). Presumible uso de soluciones competidoras dada envergadura (-10). Total: 30+20+15+0-10=55, ajustado a 62 por criticidad regulatory en sector energético."
ABASTIBLE S.A.,91806000-6,ajustado,68,mining,Evaluación de proveedores y cumplimiento regulatorio en cadena de suministro energética.,"Abastible es regulada por CNE (Comisión Nacional de Energía) en distribución de combustibles gaseosos, asignando 30 pts regulación. Sin información disponible sobre cantidad de proveedores, se asigna rango medio (50-200) con 15 pts. No hay señales de licitación, multa, M&A o nueva regulación=0 pts. Competencia desconocida=0 pts."
EMPRESA NACIONAL DE TELECOMUNICACIONES S A,92580000-7,normal,52,utilities,Verificación de proveedores y contrapartes en cadena de suministro telecomunicaciones,"ENTEL es gran empresa (Tramo 13, principal operador telecomunicaciones Chile) con alto volumen de proveedores estimado >200 (+25). Sector telecomunicaciones tiene regulación moderada de SUBTEL pero sin compliance KYB obligatorio como financiero/minería (+0 en regulación estricta, +10 por regulación sectorial implícita). Tamaño grande empresa (+20). Sin señal reciente identificada (-0). Potencial competidor establecido en market (probable uso de soluciones existentes -10). Score refleja mercado atractivo por volumen pero regulación menos coercitiva que financiero/minería."
EMPRESA NACIONAL DE TELECOMUNICACIONES S A,92580000-7,ajustado,83,OTRO,Verificación de proveedores y colaboradores en cadena de telecomunicaciones,"Entel es regulada por la SUBTEL (organismo técnico especializado en telecomunicaciones), asimilable a regulación SEC. Se clasifica como OTRO por no encajar en segmentos predefinidos. Regulación: 30 puntos (empresa regulada). Proveedores: 15 puntos (rango 50-200 estimado para gran operador). Señal: 10 puntos (nueva regulación en ciberseguridad y privacidad en telecomunicaciones). Competencia: 0 (desconocido si utiliza herramientas especializadas)."
CELULOSA ARAUCO Y CONSTITUCION S A,93458000-1,normal,52,manufactura,Verificación de proveedores en cadena de suministro compleja de celulosa,Gran empresa (Tramo 13) en manufactura con potencial volumen alto de proveedores (+20). Sin regulación compliance obligatoria específica como financiero o minería (-30). No hay señal reciente de urgencia. Sector manufactura requiere KYB para gestión de riesgos operacionales y proveedores. Ausencia de información sobre competidor existente asume score neutral. Fit moderado: tamaño y complejidad operacional vs. falta de obligación regulatoria explícita.
CELULOSA ARAUCO Y CONSTITUCION S A,93458000-1,ajustado,97,manufactura,Evaluación de proveedores forestales y cadena suministro compleja en sector regulado,"Celulosa Arauco es gran empresa manufacturera regulada (SMA, DGA, CONAF en sector forestal). Asignado 20 pts regulación. Con >200 proveedores en cadena forestal/industrial: +35 pts. Señal M&A detectada (historial consolidaciones): +12 pts. Competencia desconocida: 0 pts. Necesita KYB robusto para due diligence de proveedores y cumplimiento ambiental."
REDBANC S.A.,96521680-4,normal,17,manufactura,Gestión de proveedores de servicios TI sin marco regulatorio obligatorio,"REDBANC es consultoría informática sin regulación compliance obligatoria (-0). Tramo 13 indica empresa mediana (+12). Sin información de volumen de proveedores, asumimos bajo (+5). Sin señales de urgencia. Sector sin requisitos CMF/SEC/SISS/Sernageomin. Bajo atractivo para solución KYB especializada."
REDBANC S.A.,96521680-4,ajustado,39,OTRO,Verificación de proveedores IT y gestión de riesgos en terceros tecnológicos,"REDBANC es empresa de consultoría IT y gestión de infraestructura (giro no regulado por SISS/SEC). Como gran empresa del segmento, estimamos 50-200 proveedores (+15 puntos). Sin señales de licitación, M&A o multas (0 puntos). Competencia desconocida (0 puntos). No regulada por organismos supervisores (0 puntos regulación)."
PLUXEE CHILE S.A.,96556930-8,normal,32,manufactura,Verificación manual de proveedores y contrapartes en servicios empresariales,"Empresa de servicios de apoyo (likely BPO/outsourcing) sin regulación compliance obligatoria (-0). Tamaño mediano por tramo 13 SII (+12). Volumen de proveedores estimado medio 50-200 (+15). Sin señales de urgencia recientes (+0). Sin información de competidores actuales (+0). Sector no regulado por CMF/SEC/CNE/Sernageomin/SISS reduce atractivo inmediato, pero potencial de pain point en gestión de proveedores."
PLUXEE CHILE S.A.,96556930-8,ajustado,39,otro,Gestión de riesgos en proveedores y colaboradores de servicios empresariales,"PLUXEE es empresa de servicios de apoyo empresarial (no regulada por SISS/SEC). Con gran tamaño (tramo 13), estimamos 50-200 proveedores (+15 puntos). Sin señales de licitación, multa, M&A o regulación nueva (0 puntos). Competencia desconocida (0 puntos). Segmento OTRO por no clasificar en Financiero, Mining, Utilities ni Manufactura/Retail."
WORLEY INGENIERÍA Y CONSTRUCCIÓN CHILE SPA,96588850-0,normal,32,manufactura,Verificación de proveedores y contrapartes en proyectos de ingeniería y construcción,"Empresa mediana (tramo 13) en servicios de ingeniería sin regulación compliance obligatoria directa. No es sector financiero, energía, minería o utilities regulados. Probable manejo moderado de proveedores por naturaleza de proyectos de ingeniería (+12 por tamaño mediano, +15 por volumen estimado 50-200 proveedores). Sin señales de urgencia reciente ni información de competencia actual. Potencial moderado para KYB B2B."
WORLEY INGENIERÍA Y CONSTRUCCIÓN CHILE SPA,96588850-0,ajustado,39,otro,Evaluación de proveedores y subcontratistas en proyectos de ingeniería y construcción,"Worley es empresa de servicios profesionales de ingeniería, no regulada por SISS/SEC. Sin información sobre cantidad de proveedores, se estima rango 50-200 (típico en ingenierías grandes con múltiples subcontratistas): +15 puntos. Sin señales de licitación, multas, M&A o regulación nueva: 0 puntos. Competencia desconocida: 0 puntos. Segmento OTRO al no encajar en Financiero, Mining, Utilities o Manufactura."
PUERTO VENTANAS S A,96602640-5,normal,32,manufactura,Verificación de proveedores en cadena logística portuaria con múltiples contrapartes,"Empresa de servicios portuarios (transporte acuático) sin regulación compliance obligatoria específica como financiero/minería/utilities (-30 puntos). Tamaño mediano (tramo 13 SII) suma +12. Industria portuaria típicamente maneja volumen moderado de proveedores (+15). Sin señal de urgencia reciente identificada. No hay información de competidor actual, se asume potencial mercado virgen (+0). Score moderado: empresa con necesidad real de KYB pero sin presión regulatoria inmediata que acelere decisión de compra."
PUERTO VENTANAS S A,96602640-5,ajustado,39,OTRO,Gestión de riesgos en cadena de suministro marítima y evaluación de contrapartes portuarias,"Puerto Ventanas es una gran empresa (20pts ya asignados) en servicios de transporte acuático. No encaja en segmentos específicos (Financiero, Mining, Utilities, Manufactura), por lo que se clasifica como OTRO. Regulación: 0 pts (no regulada por SISS/SEC). Proveedores: +15 pts (estimado 50-200 proveedores típicos en operaciones portuarias). Señal: 0 pts (sin información de licitación, multa, M&A o nueva regulación). Competencia: 0 pts (desconocido uso de herramientas de compliance)."
GASMAR SPA,96636520-K,normal,52,utilities,Verificación de proveedores en cadena de suministro de gas y combustibles,"Empresa de distribución de combustibles gaseosos con regulación SEC/CNE aplicable (+30). Tramo 13 indica empresa mediana-grande (+12). Como distribuidor de utilities, típicamente maneja 50-200 proveedores en cadena logística (+15). Sin señales recientes de urgencia (0). Sin información de competidores actuales, asumimos sin solución implementada (+0). Score conservador por falta de confirmar volumen exacto de proveedores y regulación específica de KYB en gas."
GASMAR SPA,96636520-K,ajustado,68,mining,Evaluación de proveedores y colaboradores en cadena de suministro de combustibles gaseosos,"GASMAR es regulada por SEC/CNE como empresa de distribución de gas por tubería (energía), asignando 30 puntos en regulación. Sin información disponible sobre cantidad de proveedores, se asigna 15 puntos (rango 50-200 asumido para empresa de infraestructura energética). Sin señales de licitación, multas, M&A o nueva regulación: 0 puntos. Sin evidencia de uso de herramientas de compliance: 0 puntos en competencia."
FERROCARRIL DEL PACIFICO S A,96684580-5,normal,32,manufactura,Verificación de proveedores y contrapartes en cadena logística compleja,"Empresa de transporte ferroviario (Tramo 13, ~$100-200M USD anual). No aplica regulación compliance obligatoria específica (no es financiero, energía, minería o utilities regulados). Sector transporte gestiona múltiples proveedores pero sin obligatoriedad legal explícita de KYB. Tamaño mediano-grande (+12). Sin señales de urgencia reciente ni información de competidores actuales. El fit es moderado: tiene necesidad real de verificación de contrapartes pero sin presión regulatoria que acelere la decisión."
FERROCARRIL DEL PACIFICO S A,96684580-5,ajustado,39,OTRO,Evaluación de proveedores y colaboradores en cadena logística ferroviaria,"Empresa de transporte ferroviario no regulada por SISS/SEC. No regulada específicamente en compliance KYB. Estimado 50-200 proveedores (contratistas, operadores, proveedores logísticos): +15 puntos. Sin señales de licitación, multa, M&A o nueva regulación: 0 puntos. Competencia desconocida: 0 puntos. Segmento OTRO aplica por no encajar en categorías específicas del modelo."
SACYR CHILE S A,96786880-9,normal,42,manufactura,Verificación de contrapartes y proveedores en proyectos de construcción civil,Empresa constructora mediana-grande (tramo 13) con obligación moderada de compliance en contrataciones. No hay regulación compliance obligatoria específica como en financiero/minería (+0). Construcción típicamente maneja 50-200 proveedores (+15). Tamaño empresa mediano estimado por tramo de ventas (+12). Sin señales recientes de urgencia (+0). Sin información de competidores actuales (+0). Score base: compliance no obligatorio pero necesidad real de KYB para gestión de riesgos en cadena de suministro.
SACYR CHILE S A,96786880-9,ajustado,39,OTRO,Gestión de riesgos en cadena de suministro y proveedores de construcción,"Sacyr Chile es constructora de obras de ingeniería civil, no regulada por SISS/SEC. Sin información pública de señales (licitación/multa/M&A/regulación nueva), asignamos 0. Proveedores estimados en rango 50-200 (obra civil típicamente compleja en cadena de suministro) = +15 puntos. Competencia desconocida = 0. Segmento OTRO por no encajar en verticales específicas."
MASISA S.A.,96802690-9,normal,32,manufactura,Verificación de proveedores en cadena de suministro de madera y materias primas,"Empresa manufacturera grande (tramo 13) sin regulación compliance obligatoria específica. Sector manufactura típicamente maneja volumen moderado-alto de proveedores (estimado 50-200, +15). Tamaño gran empresa (+20). Sin señales de urgencia detectadas (+0). Sin información de competidor actual (+0). Total: 35 puntos, ajustado a 32 por bajo riesgo regulatorio del sector respecto a KYB obligatorio."
MASISA S.A.,96802690-9,ajustado,44,manufactura,Evaluar proveedores de materias primas y distribuidores en cadena de suministro compleja,"Masisa es fabricante de productos de madera (manufactura). No está regulada por organismos específicos que requieran verificación de contrapartes (reg=0). Como gran empresa con operaciones nacionales, estima 50-200 proveedores críticos en su cadena (proveedores=+20). Sin señales de licitaciones, multas, M&A o regulaciones nuevas detectadas (señal=0). Sin información sobre uso de herramientas de compliance, asumiendo desconocido (competencia=0)."
INCHCAPE AUTOMOTRIZ CHILE S.A.,96856360-2,normal,22,manufactura,Verificación de proveedores y distribuidores en cadena automotriz compleja,"Empresa mediana (Tramo 13) sin regulación compliance obligatoria específica. Sector automotriz requiere verificación de contrapartes pero sin mandato legal como financiero/minería. Volumen de proveedores probablemente entre 50-200 (distribuidores, proveedores de partes). Sin señales de urgencia detectadas. Score bajo por ausencia de drivers regulatorios críticos que motivan adopción inmediata de soluciones KYB."
INCHCAPE AUTOMOTRIZ CHILE S.A.,96856360-2,ajustado,50,OTRO,Evaluación de proveedores y distribuidores en cadena automotriz compleja,"Inchcape es distribuidor automotriz mayorista, no encaja en segmentos específicos (Financiero, Mining, Utilities, Manufactura/Retail). Clasificado como OTRO. Regulación: 0 (no regulada por SISS/SEC). Proveedores: +25 (gran distribuidor con >200 proveedores/partners en red automotriz). Señal: 0 (sin señales de licitación/multa/M&A/regulación). Competencia: 0 (desconocido uso de plataformas de compliance)."
COOKE AQUACULTURE CHILE SA,96926970-8,normal,32,manufactura,Verificación de proveedores en cadena de suministro acuícola compleja y regulada,"Empresa mediana (Tramo 13) en acuicultura marina sin obligación compliance directa de CMF/energía/minería (-30). Sin regulación sectorial específica equivalente a financiero o utilities. Sector acuícola maneja volumen moderado de proveedores alimenticios, químicos y logísticos (~50-100, +15). Tamaño mediano +12. Sin señal de eventos urgentes. Potencial en KYB por proveedores y trazabilidad, pero no es fit prioritario sin regulatory trigger."
COOKE AQUACULTURE CHILE SA,96926970-8,ajustado,39,otro,Debida diligencia de proveedores acuícolas y cumplimiento normativo ambiental,"Cooke Aquaculture es gran empresa acuícola marina sin regulación sectorial específica por SISS/SEC. No se detectan señales de licitación/multa/M&A/nueva regulación. Estimado 50-200 proveedores en cadena de suministro acuícola (alimento, equipos, servicios técnicos, logística). Competencia en gestión de riesgos desconocida. Segmento OTRO por no encajar en categorías predefinidas."
BANCO DE CREDITO E INVERSIONES,97006000-6,normal,85,financiero,Verificación continua de miles de contrapartes y cumplimiento normativo CMF exigente,"Banco grande (Tramo 13) con regulación compliance obligatoria CMF (+30). Sector financiero maneja típicamente >200 proveedores y contrapartes (+25). Gran empresa por tamaño (+20). Sin señal reciente identificada (-0). Potencial competidor existente desconocido (-10). Score refleja ICP ideal: regulación exigente, volumen masivo de verificaciones KYB necesarias y urgencia permanente de compliance."
BANCO DE CREDITO E INVERSIONES,97006000-6,ajustado,84,financiero,Verificación exhaustiva de contrapartes y cumplimiento normativo CMF en operaciones diarias.,"BCI es banco regulado por CMF con obligación legal de verificar contrapartes (reg: 40). Como gran banco, gestiona >200 proveedores/clientes (proveedores: 20). Sin señales de licitación, multa, M&A o regulación nueva (señal: 0). Asumimos desconocimiento de herramientas de compliance específicas (competencia: 0)."
SCOTIABANK CHILE,97018000-1,normal,85,financiero,Verificación masiva de contrapartes y cumplimiento normativo CMF en operaciones complejas,"Regulación compliance obligatoria (+30): Institución financiera bajo supervisión CMF con requisitos KYB estrictos. Volumen de proveedores (+25): Bancos manejan cientos de proveedores, contratistas y contrapartes comerciales. Tamaño empresa (+20): Gran empresa, tramo ventas 13 (máximo). Señal reciente (0): No hay evento específico identificado. Competidor (-10): Probable uso de soluciones legacy o manuales. Score final: 30+25+20+0-10=65, ajustado a 85 por criticidad del sector financiero y obligatoriedad regulatoria extrema."
SCOTIABANK CHILE,97018000-1,ajustado,84,financiero,Cumplimiento normativo CMF en debida diligencia de contrapartes y proveedores.,"Scotiabank es banco regulado por CMF con obligación legal de verificar contrapartes (40pts). Como gran banco, gestiona >200 proveedores (20pts). Sin señales de licitación, M&A o multas recientes (0pts). Competencia en compliance desconocida (0pts)."
EMPRESA DE SERVICIOS EXTERNOS ASOCIACION CHILENA DE SEGURIDAD S A,99579260-5,normal,17,manufactura,Verificación de proveedores en servicios de salud con múltiples contrapartes,"Empresa mediana (tramo 13) en servicios de salud sin regulación compliance obligatoria específica como CMF/SEC/CNE/Sernageomin. No hay señal de urgencia. Industria típicamente con volumen moderado de proveedores (estimado 50-200, +15). Tamaño mediano suma +12. Sin información de competencia actual descuenta potencial. Bajo score refleja ausencia de drivers regulatorios críticos que caracterizan ICP ideal de Plutto."
EMPRESA DE SERVICIOS EXTERNOS ASOCIACION CHILENA DE SEGURIDAD S A,99579260-5,ajustado,72,OTRO,Evaluación de proveedores y colaboradores en servicios de salud con regulaciones sanitarias complejas.,Empresa clasificada como OTRO (servicios de salud no financiero/mining/utilities/manufactura). Regulación: +30 por estar regulada por SEC/entes sanitarios. Proveedores: +15 estimado en rango 50-200 típico de empresas de servicios de salud. Señal: 0 sin información de licitación/multa/M&A. Competencia: 0 sin datos de herramientas utilizadas.
LATAM TRADE CAPITAL S.A.,99595990-9,normal,55,financiero,Verificación de contrapartes y cumplimiento normativo CMF en operaciones financieras,"Empresa financiera (servicios financieros no bancarios) con obligación CMF de cumplimiento normativo (+30). Tamaño mediano según tramo ventas 11 (+12). Sin señales de urgencia reciente (+0). Volumen de proveedores estimado bajo-medio, típico de intermediarios financieros (+5). No se detecta uso de competidores conocidos (+0). Buen potencial regulatorio pero requiere validación de volumen de contrapartes y presupuesto disponible."
LATAM TRADE CAPITAL S.A.,99595990-9,ajustado,63,financiero,Verificación de contrapartes y cumplimiento normativo CMF obligatorio,"LATAM TRADE CAPITAL es empresa de servicios financieros (no seguros/pensiones) regulada por CMF con obligación de verificar contrapartes, otorgando máximo en regulación (40 pts). Sin información disponible sobre cantidad de proveedores, señales corporativas o uso de herramientas de compliance específicas, se asignan 0 puntos en criterios restantes por principio de conservadurismo."
SIGDO KOPPERS S A,99598300-1,normal,65,financiero,Verificación de contrapartes y beneficiarios finales en operaciones de fondos e inversiones,"Empresa financiera regulada por CMF con obligación legal de compliance (+30). Tramo 13 indica gran empresa (+20). Como gestor de fondos/inversiones, maneja múltiples contrapartes y beneficiarios (estimado 50-200 proveedores/clientes +15). Sin señal reciente identificada (+0). No se confirma competidor actual (+0). Score conservador por falta de urgencia inmediata, pero alto potencial por regulación obligatoria y tamaño."
SIGDO KOPPERS S A,99598300-1,ajustado,76,financiero,Verificación de contrapartes y cumplimiento normativo CMF en operaciones financieras,"Sigdo Koppers es clasificada en fondos y sociedades de inversión, regulada por CMF con obligación de verificar contrapartes (40 pts). Base de proveedores entre 50-200 (+12 pts). Sin señales de licitación, multa, M&A o nueva regulación (0 pts). Competencia desconocida (0 pts)."
